Date,Open,High,Low,Close,Adj Close,Volume,jjj
2014/1/23,6350,6362,6256,6256,5346.82959,8837200,6166
2014/1/24,6168,6198,6150,6170,5273.32666,14605000,12732
2014/1/27,6047,6077,6032,6039,5161.364746,13821100,-7331
2014/1/28,6035,6063,6007,6018,5143.416992,10986000,11048
2014/1/29,6094,6146,6055,6136,5244.268555,7484900,5278
2014/1/30,6008,6053,5978,5998,5126.32373,14863300,-8479
2014/1/31,6058,6059,5886,5922,5061.368652,10850200,10938
2014/2/3,5880,5919,5822,5831,4983.593262,8776900,14845
2014/2/4,5531,5640,5500,5500,4700.696777,18089700,-6463
2014/2/5,5800,5880,5708,5830,4982.73877,20714900,179
2014/2/6,5900,5903,5778,5785,4944.278809,9712600,10067
2014/2/7,5890,5903,5800,5900,5042.565918,7637500,-4394
2014/2/10,5982,5995,5942,5994,5122.905273,7096200,10910
2014/2/12,6019,6038,5999,6020,5145.126953,8352500,-1307
2014/2/13,6000,6006,5885,5891,5034.873535,7530000,14523
2014/2/14,5891,5954,5750,5813,4968.208496,8841500,4962
2014/2/17,5818,5853,5726,5793,4951.116211,7917100,7560
2014/2/18,5800,5945,5793,5945,5081.025879,9724500,-6769
2014/2/19,5930,5943,5876,5910,5051.112305,5843300,12882
2014/2/20,5907,5949,5830,5860,5008.378906,8508700,2852
2014/2/21,5941,5994,5913,5982,5112.648438,7788800,12183
2014/2/24,5986,6045,5867,5924,5063.078125,8645900,9934
2014/2/25,5940,6001,5936,5990,5119.486328,6253800,6998
2014/2/26,5930,5949,5906,5917,5057.095215,6305200,-6283
2014/2/27,5915,5947,5881,5909,5050.256836,4932200,-3733
2014/2/28,5886,5894,5801,5839,4990.431152,9703800,3747
2014/3/3,5793,5808,5686,5773,4934.021973,6522900,-477
2014/3/4,5730,5848,5723,5811,4966.499023,5339000,-1956
2014/3/5,5839,5848,5755,5762,4924.621582,9058900,-1730
2014/3/6,5829,5888,5806,5869,5016.070801,7414800,704
2014/3/7,5929,5955,5871,5889,5033.165039,6085400,-11794
2014/3/10,5840,5880,5782,5821,4975.046387,6904800,-15124
2014/3/11,5821,5864,5811,5842,4992.995117,4546000,12744
2014/3/12,5780,5786,5713,5728,4895.562012,8301200,-12520
2014/3/13,5706,5753,5700,5720,4888.724609,5014700,-3401
2014/3/14,5601,5619,5546,5551,4744.285156,17149300,4940
2014/3/17,5530,5582,5522,5563,4754.541016,5935700,-9276
2014/3/18,5630,5631,5550,5550,4743.430664,6129700,-13251
2014/3/19,5555,5626,5462,5508,4707.53418,9527800,-4602
2014/3/20,5570,5587,5415,5425,4636.596191,10500300,-12861
2014/3/24,5450,5547,5441,5517,4715.226563,9678800,933
2014/3/25,5461,5599,5427,5560,4751.977539,7574600,-12849
2014/3/26,5590,5636,5560,5621,4804.112305,7807800,10454
2014/3/27,5660,5757,5580,5731,4986.84375,13397500,-13407
2014/3/28,5759,5790,5714,5785,5033.833008,8125900,-9479
2014/3/31,5856,5858,5785,5826,5069.508789,8128800,-13800
2014/4/1,5839,5850,5803,5813,5058.195801,6327100,6399
2014/4/2,5850,5906,5845,5847,5087.782227,8845000,-12200
2014/4/3,5876,5883,5836,5840,5081.691406,5134900,1676
2014/4/4,5840,5850,5784,5792,5039.923828,5284300,-2025
2014/4/7,5738,5813,5735,5758,5010.338379,5064600,-9635
2014/4/8,5728,5735,5612,5623,4892.867676,7593600,-8676
2014/4/9,5525,5547,5348,5450,4742.331543,18246300,14952
2014/4/10,5488,5497,5305,5321,4630.081543,16240400,2863
2014/4/11,5221,5382,5205,5314,4623.990234,14115300,-12695
2014/4/14,5344,5510,5330,5410,4707.525391,11963600,7688
2014/4/15,5490,5493,5382,5400,4698.822754,8425500,-13924
2014/4/16,5470,5523,5450,5523,4805.853027,8335200,-8089
2014/4/17,5515,5539,5448,5512,4796.28125,8861400,-15212
2014/4/18,5535,5577,5532,5564,4841.528809,4625400,13406
2014/4/21,5563,5604,5553,5570,4846.75,4559400,-9562
2014/4/22,5580,5612,5557,5558,4836.307129,5163300,-2862
2014/4/23,5570,5578,5522,5549,4828.476563,7684600,8411
2014/4/24,5539,5552,5440,5469,4758.864258,5823300,-3685
2014/4/25,5420,5515,5401,5494,4780.618164,5751600,8363
2014/4/28,5420,5485,5420,5473,4762.344727,4350700,-4977
2014/4/30,5531,5609,5513,5516,4799.761719,8409300,-6552
2014/5/1,5577,5639,5571,5639,4906.790039,7653200,-14079
2014/5/2,5631,5632,5597,5631,4899.828613,4642600,4077
2014/5/7,5560,5584,5511,5511,4795.411133,9557900,3441
2014/5/8,5565,5576,5502,5528,4810.203125,5916100,3809
2014/5/9,5460,5584,5417,5561,4838.918457,9115900,-10607
2014/5/12,5535,5552,5504,5514,4798.021484,5159400,14485
2014/5/13,5574,5650,5565,5650,4916.362793,8621900,3323
2014/5/14,5664,5680,5636,5680,4942.466797,6397800,-9264
2014/5/15,5630,5635,5553,5635,4903.310059,7230800,-4717
2014/5/16,5525,5537,5475,5522,4804.982422,7043000,-9623
2014/5/19,5522,5542,5456,5459,4750.162598,4699600,-6048
2014/5/20,5500,5517,5465,5468,4757.994629,4303400,11427
2014/5/21,5431,5435,5376,5420,4716.227051,6205800,-11693
2014/5/22,5458,5569,5446,5526,4808.462402,6868800,8094
2014/5/23,5565,5604,5555,5557,4835.4375,6387300,1777
2014/5/26,5607,5616,5572,5599,4871.983887,3524500,1384
2014/5/27,5599,5648,5580,5585,4859.801758,5743600,-8907
2014/5/28,5622,5630,5592,5613,4884.166504,4989000,14020
2014/5/29,5611,5686,5597,5663,4927.67334,7103000,5845
2014/5/30,5686,5761,5679,5761,5012.94873,11493200,731
2014/6/2,5779,5848,5771,5822,5066.02832,7970000,-14157
2014/6/3,5884,5888,5855,5855,5094.742676,7600100,-423
2014/6/4,5882,5890,5823,5854,5093.873047,5865300,6396
2014/6/5,5800,5894,5800,5837,5079.07959,8099600,-5029
2014/6/6,5887,5887,5850,5869,5106.925293,7249000,-970
2014/6/9,5890,5900,5870,5878,5114.756836,4753400,-9224
2014/6/10,5882,5889,5795,5810,5055.585449,6552000,-11473
2014/6/11,5810,5877,5809,5874,5111.276855,5575300,8724
2014/6/12,5828,5880,5800,5880,5116.49707,5505100,-3960
2014/6/13,5800,5860,5800,5854,5093.873047,10490200,-12632
2014/6/16,5850,5853,5807,5823,5066.898438,5671500,3985
2014/6/17,5835,5851,5813,5822,5066.02832,4647400,8353
2014/6/18,5846,5886,5824,5884,5119.978027,6232600,13830
2014/6/19,5890,6058,5881,6013,5232.227539,15725000,15748
2014/6/20,6000,6044,5995,6030,5247.019531,10095800,13181
2014/6/23,6015,6019,5962,5981,5204.382813,7168600,-1661
2014/6/24,5945,5978,5916,5961,5186.979492,5962500,-8683
2014/6/25,5936,5992,5936,5957,5183.498535,5443100,13340
2014/6/26,5972,6015,5967,6006,5226.135254,7607200,-3147
2014/6/27,5999,6048,5977,6048,5262.682129,10669100,-10007
2014/6/30,6034,6090,6008,6084,5294.007813,9027500,-6196
2014/7/1,6100,6192,6092,6169,5367.970703,14022800,8407
2014/7/2,6199,6217,6195,6209,5402.777344,9893400,-13584
2014/7/3,6217,6218,6145,6168,5367.101074,6963400,-2194
2014/7/4,6215,6221,6190,6201,5395.815918,5805500,-11143
2014/7/7,6201,6214,6167,6170,5368.84082,4940500,11740
2014/7/8,6131,6168,6104,6131,5334.905762,7582200,3589
2014/7/9,6071,6090,6041,6062,5274.864746,8646100,-14592
2014/7/10,6081,6092,6001,6003,5223.525879,7618100,6327
2014/7/11,5970,5991,5940,5981,5204.382813,6991500,-14390
2014/7/14,5991,6049,5990,6021,5239.189453,6065700,6989
2014/7/15,6035,6069,6020,6023,5240.929199,6290000,-13928
2014/7/16,6023,6065,6022,6044,5259.202637,4917700,-14726
2014/7/17,6065,6082,6031,6049,5263.552246,4559200,-14063
2014/7/18,5974,6008,5926,6006,5226.135254,6204500,-1802
2014/7/22,6006,6047,6005,6027,5244.40918,4701700,11728
2014/7/23,6040,6059,6031,6046,5260.942383,4673000,-249
2014/7/24,6046,6089,6046,6070,5281.826172,5904600,14273
2014/7/25,6072,6108,6071,6107,5314.021484,5056300,9537
2014/7/28,6107,6153,6105,6133,5336.645996,4858600,-3416
2014/7/29,6133,6149,6117,6133,5336.645996,3905800,-4715
2014/7/30,6145,6155,6117,6141,5343.606934,6566700,-11751
2014/7/31,6179,6200,6136,6137,5340.125977,6074800,-12357
2014/8/1,6085,6117,6075,6087,5296.618652,5755100,14969
2014/8/4,6051,6098,6041,6041,5256.591309,5248700,-8409
2014/8/5,6076,6105,6030,6042,5257.461426,5185800,-14690
2014/8/6,6081,6085,5978,5989,5211.343262,9581900,1498
2014/8/7,5997,6032,5957,6028,5245.279785,7764000,15426
2014/8/8,5958,5984,5850,5905,5138.251953,14653800,9779
2014/8/11,5998,5998,5908,5940,5168.706055,7190300,-2603
2014/8/12,5957,5997,5947,5990,5212.213867,4450300,-13867
2014/8/13,5976,6023,5975,5999,5220.04541,3743900,-143
2014/8/14,6010,6036,5996,6009,5228.74707,4309800,-12504
2014/8/15,6003,6006,5980,5991,5213.083984,3850400,-8648
2014/8/18,5988,5997,5954,5975,5199.161621,2956300,5746
2014/8/19,5980,5994,5967,5985,5207.862793,4579200,7351
2014/8/20,5985,5995,5946,5951,5178.277344,6285700,-6956
2014/8/21,5970,6007,5960,5990,5212.213867,8040700,4249
2014/8/22,5990,5990,5932,5943,5171.316895,7866000,-12575
2014/8/25,5948,5995,5946,5985,5207.862793,5674800,7882
2014/8/26,6000,6024,5985,5990,5212.213867,5045300,-7686
2014/8/27,5985,6020,5957,5979,5202.642578,4790100,-3820
2014/8/28,5945,5950,5911,5935,5164.355469,5598900,-2900
2014/8/29,5940,5975,5913,5928,5158.26416,5480700,-4533
2014/9/1,5963,5969,5938,5956,5182.629395,2858100,-11425
2014/9/2,5951,6098,5951,6060,5273.124512,9729400,-14764
2014/9/3,6101,6115,6065,6077,5287.917969,6463900,10182
2014/9/4,6090,6108,6063,6087,5296.618652,3951900,-4441
2014/9/5,6125,6146,6096,6115,5320.982422,8008300,896
2014/9/8,6121,6123,6084,6107,5314.021484,4931300,4286
2014/9/9,6150,6150,6108,6127,5331.425293,5909800,-8828
2014/9/10,6130,6175,6128,6170,5368.84082,10220900,11570
2014/9/11,6200,6236,6193,6218,5410.60791,10738100,-5196
2014/9/12,6250,6330,6220,6303,5484.571777,18456400,11633
2014/9/16,6271,6330,6268,6305,5486.312012,8559500,1589
2014/9/17,6360,6379,6306,6309,5489.791992,8579500,-8728
2014/9/18,6374,6477,6366,6445,5608.133301,16489400,-4796
2014/9/19,6465,6542,6445,6494,5650.770508,17450700,-10455
2014/9/22,6497,6542,6474,6492,5649.030762,9733800,8227
2014/9/24,6434,6457,6392,6423,5588.989746,8276400,5569
2014/9/25,6490,6550,6476,6550,5699.499023,10441500,-14893
2014/9/26,6385,6485,6380,6453,5680.134277,8365300,-15475
2014/9/29,6500,6500,6455,6488,5710.942871,8234200,-7479
2014/9/30,6450,6463,6350,6463,5688.937012,9837800,12190
2014/10/1,6450,6559,6435,6500,5721.505371,14482100,-3065
2014/10/2,6370,6423,6256,6275,5523.453613,15240200,2809
2014/10/3,6231,6309,6217,6290,5536.65625,10280100,-2383
2014/10/6,6370,6444,6345,6383,5618.518066,10966200,-780
2014/10/7,6380,6455,6351,6366,5603.553711,10129100,3902
2014/10/8,6265,6276,6212,6252,5503.20752,10250100,-5020
2014/10/9,6296,6350,6240,6240,5492.644531,9280700,3140
2014/10/10,6150,6234,6145,6220,5475.040039,10640300,-4223
2014/10/14,6050,6069,5972,5978,5262.024902,16568000,3302
2014/10/15,6000,6015,5964,5990,5272.587402,10246500,6670
2014/10/16,5803,5910,5800,5879,5174.881348,10683600,6182
2014/10/17,5861,5878,5710,5731,5044.606934,13042600,-8180
2014/10/20,5911,6045,5910,6028,5306.035645,11628900,-10793
2014/10/21,6065,6083,5906,5931,5220.65332,8653800,1245
2014/10/22,6085,6090,5962,6034,5311.317383,9097800,-6533
2014/10/23,6024,6062,5988,6045,5321,6364900,3226
2014/10/24,6155,6185,6106,6151,5414.304199,9086600,13800
2014/10/27,6200,6202,6152,6195,5453.034668,5791800,14528
2014/10/28,6179,6193,6132,6172,5432.789063,5272600,-13751
2014/10/29,6224,6283,6211,6262,5512.010254,7325700,-11406
2014/10/30,6270,6298,6259,6260,5510.25,8740700,-6211
2014/10/31,6310,6525,6305,6498,5719.745605,19581100,7755
2014/11/4,6830,6870,6200,6800,5985.575195,25431700,-12573
2014/11/5,6734,6808,6733,6808,5992.616211,15166200,6631
2014/11/6,6869,6930,6783,6812,5996.137207,20494300,-13331
2014/11/7,6895,6899,6800,6817,6000.539063,9036300,-9852
2014/11/10,6765,6780,6696,6712,5908.114746,10408600,-5451
2014/11/11,6750,6835,6749,6813,5997.017578,10722000,-3527
2014/11/12,6894,6945,6823,6839,6019.904297,15866500,-15501
2014/11/13,6845,6930,6791,6930,6100.004883,10433400,4438
2014/11/14,6937,6969,6901,6969,6134.333984,13655100,-8468
2014/11/17,6964,6974,6808,6825,6007.57959,12227900,9713
2014/11/18,6919,6999,6909,6998,6159.860352,12058300,-10068
2014/11/19,7001,7114,7001,7025,6183.626465,12916000,1496
2014/11/20,7059,7110,7059,7098,6247.884277,10147700,14754
2014/11/21,7114,7135,7011,7089,6239.961914,11989300,8492
2014/11/25,7183,7233,7163,7190,6328.864746,14000900,-8781
2014/11/26,7178,7219,7163,7180,6320.062988,7389400,-9302
2014/11/27,7160,7190,7125,7147,6291.016113,7765600,-9548
2014/11/28,7198,7314,7192,7314,6438.013672,12339500,-7020
2014/12/1,7360,7464,7352,7429,6539.240234,9349600,-5960
2014/12/2,7390,7529,7388,7527,6625.50293,9948000,-1006
2014/12/3,7600,7678,7553,7592,6682.718262,13014400,-8463
2014/12/4,7690,7733,7655,7730,6804.189941,10308100,5756
2014/12/5,7739,7796,7695,7742,6814.75293,12979400,586
2014/12/8,7830,7873,7802,7858,6916.859863,11960200,3461
2014/12/9,7799,7856,7731,7756,6827.075684,12892000,8035
2014/12/10,7606,7642,7490,7523,6621.981934,17573300,-14314
2014/12/11,7300,7520,7270,7481,6585.012695,14159000,-15038
2014/12/12,7512,7597,7463,7500,6601.736816,16743100,2174
2014/12/15,7350,7425,7300,7311,6435.373047,12018400,-11239
2014/12/16,7236,7254,7152,7214,6349.990234,13473200,-12262
2014/12/17,7150,7234,7107,7143,6287.493652,14895800,6864
2014/12/18,7439,7440,7250,7250,6381.679199,13818300,-7843
2014/12/19,7430,7573,7384,7562,6656.311035,13798300,-9119
2014/12/22,7598,7599,7478,7535,6632.545898,9169000,-12072
2014/12/24,7645,7687,7639,7657,6739.932129,9287900,-10928
2014/12/25,7600,7655,7597,7611,6699.443359,5362700,-5747
2014/12/26,7629,7700,7615,7696,6774.261719,6069100,-12714
2014/12/29,7740,7746,7565,7662,6744.334961,9942800,-5644
2014/12/30,7652,7674,7558,7558,6652.790527,7821200,3239
2015/1/5,7565,7575,7416,7507,6607.898926,9515300,-4262
2015/1/6,7322,7391,7300,7300,6425.689941,12387900,-5702
2015/1/7,7256,7485,7255,7407,6519.875488,11465400,1406
2015/1/8,7500,7556,7495,7554,6649.269043,10054500,-12395
2015/1/9,7630,7666,7561,7609,6697.682617,10425400,-3703
2015/1/13,7440,7526,7368,7519,6618.460938,11110000,5021
2015/1/14,7428,7479,7390,7396,6510.192871,10027300,-10717
2015/1/15,7437,7548,7435,7526,6624.622559,8929500,-1831
2015/1/16,7403,7534,7393,7514,6614.061035,12784100,-11064
2015/1/19,7534,7547,7450,7465,6570.928711,9933500,13954
2015/1/20,7500,7660,7481,7659,6741.693359,10580800,-92
2015/1/21,7635,7635,7503,7588,6679.197754,10910000,-15488
2015/1/22,7604,7614,7520,7585,6676.556641,7042500,-15216
2015/1/23,7690,7714,7645,7685,6764.580078,9858000,2542
2015/1/26,7625,7725,7616,7725,6799.789063,7739000,13946
2015/1/27,7795,7832,7790,7825,6887.812012,9608300,-11582
2015/1/28,7755,7834,7750,7818,6881.650391,9490300,5305
2015/1/29,7748,7804,7713,7729,6803.310547,8845600,12574
2015/1/30,7800,7810,7645,7645,6729.370605,10001400,4491
2015/2/2,7551,7670,7543,7660,6742.574219,7932800,2860
2015/2/3,7669,7675,7495,7550,6645.748535,10081000,-12965
2015/2/4,7610,7752,7608,7728,6802.429199,9562600,6973
2015/2/5,7742,7760,7580,7654,6737.292969,12077400,-14498
2015/2/6,7715,7716,7605,7623,6710.004883,6976300,4558
2015/2/9,7697,7718,7621,7700,6777.783203,6503500,5260
2015/2/10,7701,7715,7652,7713,6789.226074,5945000,-12980
2015/2/12,7839,7879,7831,7851,6910.698242,13905800,-833
2015/2/13,7844,7858,7791,7808,6872.847656,7934800,8329
2015/2/16,7850,7852,7794,7829,6891.33252,6038200,4285
2015/2/17,7750,7826,7744,7802,6867.566895,7112100,15606
2015/2/18,7860,7959,7852,7959,7005.763184,12755200,9368
2015/2/19,7935,8003,7935,7998,7040.092285,9084900,15208
2015/2/20,8005,8099,8005,8078,7110.510742,9083500,-15825
2015/2/23,8148,8184,8086,8130,7156.282715,8850000,7478
2015/2/24,8150,8201,8102,8201,7218.779785,9449900,15063
2015/2/25,8225,8229,8098,8127,7153.641602,8547900,-7138
2015/2/26,8100,8159,8083,8126,7152.762207,8359200,-11154
2015/2/27,8184,8195,8053,8063,7097.307617,10210300,-9061
2015/3/2,8115,8169,8086,8125,7151.880859,6287000,11145
2015/3/3,8189,8193,8070,8136,7161.563965,8132200,-3923
2015/3/4,8095,8124,8029,8112,7140.437988,7073300,15760
2015/3/5,8090,8108,8040,8063,7097.307617,7330200,10685
2015/3/6,8078,8190,8071,8190,7209.09668,8670000,-11398
2015/3/9,8160,8197,8110,8193,7211.737305,6891000,13045
2015/3/10,8203,8245,8137,8178,7198.53418,9265900,-15422
2015/3/11,8100,8188,8078,8158,7180.929688,7977600,6800
2015/3/12,8156,8277,8154,8258,7268.952148,9292100,5900
2015/3/13,8290,8300,8257,8257,7268.072754,13404300,-1877
2015/3/16,8240,8285,8236,8280,7288.317383,6103300,6931
2015/3/17,8320,8369,8310,8338,7339.371094,7601600,12174
2015/3/18,8335,8480,8330,8463,7449.400391,10038900,5370
2015/3/19,8489,8567,8375,8491,7474.046387,12207200,-3060
2015/3/20,8550,8598,8493,8598,7568.230957,9896700,3115
2015/3/23,8604,8771,8589,8741,7694.103516,9195500,4001
2015/3/24,8731,8783,8677,8689,7648.333008,9271400,-7091
2015/3/25,8680,8738,8570,8695,7653.614258,8430000,6419
2015/3/26,8641,8688,8555,8605,7574.392578,9510900,13780
2015/3/27,8492,8616,8402,8481,7575.285645,10643200,-7734
2015/3/30,8443,8455,8350,8426,7526.15918,7990200,-12921
2015/3/31,8576,8608,8383,8383,7487.752441,10265700,-2807
2015/4/1,8268,8299,8192,8236,7356.450684,11061400,-532
2015/4/2,8250,8450,8230,8377,7482.392578,10162600,-9694
2015/4/3,8302,8426,8301,8426,7526.15918,5102600,13068
2015/4/6,8335,8376,8302,8333,7443.091797,4461600,-5884
2015/4/7,8430,8447,8352,8410,7511.868164,6331400,-3500
2015/4/8,8391,8433,8357,8372,7477.92627,7219300,1957
2015/4/9,8401,8407,8347,8367,7473.459961,5641400,-2620
2015/4/10,8386,8410,8322,8326,7436.838379,7874200,-8897
2015/4/13,8326,8350,8203,8248,7367.167969,7078200,1758
2015/4/14,8216,8296,8210,8285,7400.216797,4683500,6369
2015/4/15,8250,8312,8232,8273,7389.498047,5333800,-9994
2015/4/16,8285,8320,8246,8309,7421.654297,4803100,-12395
2015/4/17,8309,8405,8274,8297,7410.936035,7516400,-2351
2015/4/20,8220,8311,8175,8262,7379.67334,5940100,15384
2015/4/21,8324,8447,8286,8447,7544.916992,8903100,11151
2015/4/22,8458,8524,8397,8462,7558.315918,8395600,-14182
2015/4/23,8500,8519,8403,8478,7572.605957,5907400,-2140
2015/4/24,8456,8469,8387,8413,7514.547852,5223300,-14883
2015/4/27,8403,8423,8317,8340,7449.343262,6302700,-11970
2015/4/28,8384,8535,8381,8515,7605.654785,11311600,-10429
2015/4/30,8381,8440,8335,8358,7465.420898,10114400,2520
2015/5/1,8298,8315,8212,8315,7427.012695,7445700,14515
2015/5/7,8251,8266,8204,8214,7336.799805,8162500,6491
2015/5/8,8212,8348,8190,8279,7394.858398,8814700,-4535
2015/5/11,8400,8400,8215,8235,7355.557129,11043400,15505
2015/5/12,8235,8284,8192,8284,7399.324219,7056300,2935
2015/5/13,8212,8226,8152,8196,7320.72168,9583800,11029
2015/5/14,8151,8188,8150,8179,7305.537598,6411100,-4653
2015/5/15,8219,8296,8170,8296,7410.04248,6985800,-13307
2015/5/18,8280,8352,8262,8352,7460.062012,6202500,4399
2015/5/19,8360,8399,8330,8364,7470.780762,6845400,-2033
2015/5/20,8400,8475,8399,8405,7507.402832,7931800,12568
2015/5/21,8432,8450,8370,8423,7523.47998,5292800,-5222
2015/5/22,8439,8439,8336,8346,7454.702637,5957900,-9419
2015/5/25,8399,8465,8378,8459,7555.63623,5912900,4448
2015/5/26,8465,8494,8413,8451,7548.489746,4471000,-9680
2015/5/27,8463,8524,8463,8496,7588.684082,8120100,36
2015/5/28,8580,8700,8552,8637,7714.625977,12092200,15372
2015/5/29,8648,8685,8590,8604,7685.149902,7926600,-3436
2015/6/1,8573,8580,8491,8520,7610.120605,5938800,-941
2015/6/2,8550,8593,8509,8514,7604.761719,5429800,15212
2015/6/3,8500,8548,8447,8515,7605.654785,4928700,12798
2015/6/4,8508,8564,8484,8527,7616.373535,5252200,-3789
2015/6/5,8451,8479,8427,8470,7565.460449,5809400,4754
2015/6/8,8470,8471,8352,8358,7465.420898,8331600,6553
2015/6/9,8340,8342,8215,8215,7337.692871,8195700,7777
2015/6/10,8220,8294,8172,8182,7308.217285,9758100,11725
2015/6/11,8250,8326,8241,8322,7433.265625,7625300,9714
2015/6/12,8387,8394,8329,8394,7497.576172,10174400,107
2015/6/15,8312,8419,8305,8409,7510.975586,5006900,5181
2015/6/16,8353,8455,8325,8395,7498.469727,7368400,4824
2015/6/17,8406,8432,8305,8311,7423.441406,5258900,-12367
2015/6/18,8311,8358,8184,8184,7310.00293,6466100,11281
2015/6/19,8205,8289,8195,8234,7354.664063,8190900,13035
2015/6/22,8200,8304,8180,8297,7410.936035,4731100,2057
2015/6/23,8355,8475,8335,8475,7569.925781,8707700,2166
2015/6/24,8500,8512,8449,8449,7546.703125,7248100,-11003
2015/6/25,8363,8397,8331,8338,7447.557129,5500800,3106
2015/6/26,8312,8374,8260,8333,7443.091797,5231200,15051
2015/6/29,8100,8220,8095,8151,7280.527832,7266800,-612
2015/6/30,8153,8204,8136,8203,7326.974121,6754300,5624
2015/7/1,8178,8192,8127,8140,7270.70166,5400800,-4021
2015/7/2,8199,8243,8150,8153,7282.314453,7019900,819
2015/7/3,8153,8219,8130,8182,7308.217285,5170600,9368
2015/7/6,8105,8119,8060,8067,7205.497559,7593600,-14265
2015/7/7,8130,8136,8101,8116,7249.265625,5204500,7727
2015/7/8,8092,8104,7931,7931,7084.021484,9913800,7388
2015/7/9,7747,7906,7630,7898,7054.546387,13611800,310
2015/7/10,7900,8019,7848,7925,7078.662598,9901300,-5584
2015/7/13,8047,8129,8033,8113,7246.585449,6775800,12686
2015/7/14,8230,8247,8161,8201,7325.188477,7133500,-1696
2015/7/15,8216,8273,8191,8273,7389.498047,5706700,-234
2015/7/16,8332,8444,8318,8432,7531.518555,10080200,-5856
2015/7/17,8390,8399,8300,8345,7453.80957,7505900,-1463
2015/7/21,8388,8422,8333,8376,7481.499023,4998300,-6736
2015/7/22,8317,8356,8273,8278,7393.96582,4791600,-9871
2015/7/23,8299,8338,8246,8277,7393.072266,4933400,-14456
2015/7/24,8230,8313,8217,8277,7393.072266,3538600,12334
2015/7/27,8230,8267,8166,8183,7309.110352,6656800,-10987
2015/7/28,8062,8153,8033,8077,7214.430176,7446900,8153
2015/7/29,8122,8198,8097,8112,7245.691895,5325600,-12983
2015/7/30,8172,8204,8140,8163,7291.245605,5563900,-1428
2015/7/31,8200,8253,8176,8253,7371.635254,5954400,-2240
2015/8/3,8239,8239,8162,8200,7324.294922,4719000,2623
2015/8/4,8100,8146,8084,8121,7253.730957,7105500,-3646
2015/8/5,7990,8001,7864,7930,7083.128906,17468200,-15153
2015/8/6,8015,8067,8006,8033,7175.128906,8888600,5861
2015/8/7,8000,8126,7985,8118,7251.052246,6682700,97
2015/8/10,8101,8144,8005,8144,7274.274414,6081300,-5721
2015/8/11,8160,8203,8083,8122,7254.625,8161900,6039
2015/8/12,8050,8077,7966,7987,7134.041992,10084000,51
2015/8/13,7907,7959,7903,7941,7092.954102,8420700,8052
2015/8/14,7930,7981,7922,7945,7096.527832,5182200,-2213
2015/8/17,7945,7971,7920,7932,7084.915527,5049200,222
2015/8/18,7920,7986,7917,7967,7116.177246,4160500,-6577
2015/8/19,7931,7971,7897,7897,7053.652832,6102800,-12418
2015/8/20,7850,7853,7732,7732,6906.273926,9506500,9255
2015/8/21,7481,7585,7480,7500,6699.049805,12400800,-12194
2015/8/24,7200,7229,6994,6994,6247.087891,20696600,14493
2015/8/25,6700,7196,6650,6725,6006.814453,20309700,-14164
2015/8/26,6825,6980,6789,6920,6180.990723,17627400,5806
2015/8/27,7170,7190,7007,7026,6275.670898,14393100,11798
2015/8/28,7210,7390,7172,7346,6561.495605,14081800,11481
2015/8/31,7326,7328,7146,7192,6423.941895,10698500,-15347
2015/9/1,7124,7178,7000,7000,6252.446289,9876600,-10538
2015/9/2,6860,7168,6840,7015,6265.844238,13797900,-6292
2015/9/3,7093,7355,7092,7185,6417.689941,14061100,9752
2015/9/4,7215,7258,6911,7004,6256.019531,11865100,-14234
2015/9/7,6922,7108,6846,7089,6331.942383,12347200,7660
2015/9/8,7088,7165,7030,7050,6297.107422,11084400,13826
2015/9/9,7227,7491,7209,7491,6691.011719,17210800,14399
2015/9/10,7220,7340,7103,7175,6408.757813,16163500,-4746
2015/9/11,7025,7151,7008,7072,6316.757813,15991700,-11211
2015/9/14,7100,7145,7005,7007,6258.699219,10029500,-8714
2015/9/15,7060,7276,7043,7161,6396.25293,13572300,5549
2015/9/16,7273,7368,7201,7297,6517.729004,9274500,8414
2015/9/17,7347,7434,7275,7338,6554.350586,9825500,5831
2015/9/18,7251,7283,7160,7234,6461.456543,10209100,-9538
2015/9/24,7150,7222,7100,7100,6341.767578,12988800,4532
2015/9/25,7113,7270,7037,7195,6426.62207,12788400,-11569
2015/9/28,7195,7250,7016,7049,6384.955566,10637700,9110
2015/9/29,6910,6922,6669,6719,6086.042969,15795500,-3717
2015/9/30,6823,7039,6780,6971,6314.304199,13478800,-2508
2015/10/1,7020,7238,6961,7151,6477.34668,14072700,15770
2015/10/2,7050,7276,7018,7257,6573.361328,11966700,-2407
2015/10/5,7319,7359,7227,7246,6563.396973,8648100,737
2015/10/6,7363,7377,7196,7218,6538.035156,9580100,-10772
2015/10/7,7264,7371,7251,7351,6658.505371,9634400,11644
2015/10/8,7329,7443,7297,7349,6656.693848,10369500,-1365
2015/10/9,7383,7500,7372,7500,6793.469727,11243300,3074
2015/10/13,7383,7404,7260,7316,6626.802734,11668900,-12919
2015/10/14,7220,7255,7136,7188,6510.861328,10441500,-6895
2015/10/15,7136,7272,7101,7251,6567.925781,7767300,7999
2015/10/16,7292,7417,7269,7400,6702.88916,10786800,8085
2015/10/19,7393,7419,7280,7356,6663.035156,8913000,-14403
2015/10/20,7400,7401,7303,7320,6630.42627,5532300,5227
2015/10/21,7352,7468,7340,7467,6763.577637,8541000,3798
2015/10/22,7406,7483,7394,7428,6728.251465,6470000,8544
2015/10/23,7553,7628,7495,7522,6813.396484,12860100,-3309
2015/10/26,7650,7668,7560,7560,6847.816895,7363400,6095
2015/10/27,7573,7619,7488,7522,6813.396484,7707700,8634
2015/10/28,7522,7564,7507,7550,6838.759277,9049700,1939
2015/10/29,7567,7588,7388,7457,6754.520508,28210200,-12000
2015/10/30,7431,7512,7341,7469,6765.389648,10627800,-11356
2015/11/2,7380,7439,7333,7387,6691.114746,6704600,2118
2015/11/4,7459,7523,7431,7456,6753.614746,8217900,9060
2015/11/5,7461,7525,7422,7495,6788.940918,6985700,-13312
2015/11/6,7560,7561,7421,7502,6795.280762,7897500,13377
2015/11/9,7579,7643,7550,7625,6906.693848,10328000,3577
2015/11/10,7588,7638,7576,7629,6910.317383,5954200,3926
2015/11/11,7602,7625,7566,7598,6882.237793,6032900,-5801
2015/11/12,7571,7624,7569,7588,6873.179688,4871200,8871
2015/11/13,7500,7573,7492,7525,6816.11377,6508800,14988
2015/11/16,7380,7432,7331,7411,6712.853516,6940400,7637
2015/11/17,7507,7595,7488,7545,6834.22998,9489400,14032
2015/11/18,7593,7627,7575,7599,6883.142578,7839700,-2271
2015/11/19,7640,7673,7580,7620,6902.165039,9685400,2388
2015/11/20,7526,7600,7526,7583,6868.650879,8595000,-5501
2015/11/24,7555,7658,7532,7636,6916.657715,7945500,-15602
2015/11/25,7610,7629,7570,7600,6884.04834,7080300,-3232
2015/11/26,7645,7698,7637,7687,6962.853516,8166200,-3231
2015/11/27,7700,7717,7647,7670,6947.45459,7456600,10094
2015/11/30,7682,7697,7657,7657,6935.679199,7089800,-11643
2015/12/1,7691,7762,7682,7762,7030.788086,7795700,-12364
2015/12/2,7769,7862,7762,7820,7083.324219,8214800,-1507
2015/12/3,7806,7851,7785,7827,7089.665039,7017500,5274
2015/12/4,7684,7737,7669,7692,6967.382324,9492300,-5962
2015/12/7,7751,7751,7704,7704,6978.251953,5967000,7603
2015/12/8,7724,7735,7600,7601,6884.95459,8684600,13917
2015/12/9,7593,7745,7578,7654,6932.961914,11247400,-2566
2015/12/10,7600,7648,7578,7601,6884.95459,8510000,-4188
2015/12/11,7540,7685,7540,7685,6961.041992,11942500,11187
2015/12/14,7500,7517,7416,7463,6759.955078,12596200,546
2015/12/15,7459,7469,7324,7324,6634.049316,10502300,14770
2015/12/16,7472,7636,7454,7612,6894.918945,11604700,-11584
2015/12/17,7718,7777,7682,7703,6977.345703,12229800,3271
2015/12/18,7680,7850,7618,7658,6936.584961,17110900,9573
2015/12/21,7570,7631,7473,7579,6865.026855,11392500,3596
2015/12/22,7632,7682,7592,7635,6915.752441,6780500,-368
2015/12/24,7665,7676,7540,7540,6829.701172,5943100,11622
2015/12/25,7523,7563,7460,7483,6778.071289,4646900,-14319
2015/12/28,7489,7524,7460,7484,6778.976563,4516400,4868
2015/12/29,7461,7498,7413,7454,6751.802246,9706400,-12728
2015/12/30,7497,7521,7463,7488,6782.600098,5710600,-4666
2016/1/4,7400,7495,7325,7337,6645.824707,9165700,5648
2016/1/5,7268,7293,7200,7226,6545.282227,10405700,-11792
2016/1/6,7220,7259,7021,7083,6415.75293,10349700,-4560
2016/1/7,7022,7057,6895,6898,6248.180664,14845500,-3720
2016/1/8,6798,7016,6763,6864,6217.382813,16008200,12989
2016/1/12,6800,6864,6755,6755,6118.651367,12126300,-14286
2016/1/13,6930,7005,6901,6953,6297.999512,10791400,10566
2016/1/14,6795,6809,6700,6797,6156.695313,12912600,8181
2016/1/15,6875,6885,6702,6759,6122.274414,10693800,2674
2016/1/18,6600,6773,6556,6742,6106.876465,10148600,596
2016/1/19,6740,6815,6682,6804,6163.035645,10016100,-11592
2016/1/20,6753,6758,6564,6574,5954.702148,12573800,-5168
2016/1/21,6557,6681,6392,6392,5789.847656,15281800,-12124
2016/1/22,6592,6837,6564,6822,6179.339355,13975700,-6449
2016/1/25,6877,6889,6769,6824,6181.151367,11073000,-2698
2016/1/26,6700,6702,6613,6629,6004.520508,9022400,-8827
2016/1/27,6825,6910,6793,6881,6232.78125,10498100,-14538
2016/1/28,6855,6957,6825,6883,6234.593262,9276900,292
2016/1/29,6921,7288,6883,7200,6521.730957,20194600,2001
2016/2/1,7300,7355,7273,7339,6647.63623,14800700,-7402
2016/2/2,7223,7338,7216,7304,6615.934082,7306900,6636
2016/2/3,7088,7126,6887,6900,6249.991699,14168800,6062
2016/2/4,6760,6842,6705,6752,6115.933594,10656700,-2894
2016/2/5,6650,6677,6531,6625,6000.897949,10970400,1841
2016/2/8,6450,6603,6325,6555,5937.491699,15776100,-6399
2016/2/9,6250,6282,6148,6154,5574.268066,17189100,6514
2016/2/10,6170,6263,6020,6127,5549.811523,18580800,-14804
2016/2/12,5800,5915,5703,5710,5172.095215,23103500,-10517
2016/2/15,6029,6316,6012,6256,5666.659668,17902300,-9284
2016/2/16,6254,6342,6126,6250,5661.225098,14307700,-8929
2016/2/17,6150,6172,6011,6076,5503.616211,15902500,5752
2016/2/18,6259,6293,6156,6180,5597.819336,11586600,2342
2016/2/19,6050,6086,5961,5999,5433.870117,14020000,4256
2016/2/22,5906,6044,5850,5980,5416.659668,11427200,-1227
2016/2/23,6065,6070,5954,5994,5429.341309,10895500,-14685
2016/2/24,5900,5989,5835,5974,5411.225586,10888100,4256
2016/2/25,5881,5967,5827,5931,5372.274902,15819200,-12096
2016/2/26,5960,6006,5895,5910,5353.253418,12753100,9155
2016/2/29,6001,6062,5897,5897,5341.478516,18539900,-13546
2016/3/1,5853,5935,5824,5893,5337.855469,11093200,3954
2016/3/2,6069,6185,6000,6097,5522.638184,14035900,2451
2016/3/3,6097,6209,6067,6178,5596.007324,11055300,13017
2016/3/4,6170,6232,6136,6229,5642.203613,9760500,11444
2016/3/7,6205,6223,6066,6100,5525.355469,12377800,11745
2016/3/8,6066,6114,5977,5990,5425.717285,13056700,5701
2016/3/9,5940,5995,5901,5976,5413.036621,9898500,-11871
2016/3/10,6049,6172,6029,6154,5574.268066,9350400,-9587
2016/3/11,6067,6188,6015,6140,5561.586426,12918100,1876
2016/3/14,6209,6244,6166,6200,5615.93457,8259100,-9452
2016/3/15,6188,6206,6073,6087,5513.580078,10607500,-10179
2016/3/16,6053,6084,6032,6044,5474.630859,7907200,-8494
2016/3/17,6057,6153,5966,6025,5457.419922,11070800,-7256
2016/3/18,5985,6013,5858,5888,5333.326172,14641300,6428
2016/3/22,6000,6118,6000,6098,5523.543457,12277300,-6486
2016/3/23,6114,6172,6097,6106,5530.790039,7540900,13325
2016/3/24,6067,6095,5962,6011,5444.739746,9115100,-7956
2016/3/25,6028,6186,6005,6180,5597.819336,9188300,1074
2016/3/28,6208,6223,6148,6223,5636.768066,8287300,10137
2016/3/29,6102,6192,6101,6154,5674.574219,7656400,-2389
2016/3/30,6119,6130,6000,6000,5532.571289,8256500,-9481
2016/3/31,6025,6061,5943,5952,5488.311035,10308700,-12962
2016/4/1,5930,5946,5753,5771,5321.411133,13975400,11430
2016/4/4,5700,5719,5590,5625,5186.785645,13282300,5818
2016/4/5,5600,5634,5417,5439,5015.275391,15336700,10064
2016/4/6,5451,5535,5421,5457,5031.873535,11508400,15786
2016/4/7,5481,5504,5393,5424,5001.444336,11814900,-15236
2016/4/8,5308,5525,5259,5467,5041.094727,16677300,-9500
2016/4/11,5405,5409,5256,5278,4866.818848,15745000,2416
2016/4/12,5300,5510,5291,5485,5057.692383,13402800,15561
2016/4/13,5600,5652,5510,5623,5184.941406,15093900,6444
2016/4/14,5706,5806,5681,5806,5353.685059,14731000,-7599
2016/4/15,5700,5807,5686,5740,5292.82666,9791100,2906
2016/4/18,5352,5490,5350,5467,5041.094727,12218400,-5134
2016/4/19,5667,5746,5633,5680,5237.500488,9877800,-9245
2016/4/20,5736,5739,5631,5643,5203.383789,9918500,6483
2016/4/21,5780,5839,5725,5824,5370.282715,12812300,-12
2016/4/22,5777,5920,5766,5919,5457.881348,11706000,-13512
2016/4/25,6019,6027,5944,5992,5525.194824,10411100,8493
2016/4/26,5958,5979,5884,5949,5485.544434,7762000,5924
2016/4/27,5915,5928,5820,5845,5389.646484,8709200,14986
2016/4/28,5921,5984,5621,5654,5213.526367,14674200,-1972
2016/5/2,5404,5468,5375,5442,5018.041992,12275800,9756
2016/5/6,5496,5527,5418,5478,5051.237305,8986000,-2105
2016/5/9,5528,5575,5501,5554,5121.316406,7481300,14347
2016/5/10,5600,5693,5516,5677,5234.734375,9782500,14063
2016/5/11,5716,5776,5626,5634,5195.084473,8838100,-15130
2016/5/12,5380,5593,5380,5553,5120.39502,18599200,-6838
2016/5/13,5515,5588,5451,5454,5029.107422,11254800,1207
2016/5/16,5431,5506,5400,5467,5041.094727,8915800,-228
2016/5/17,5510,5540,5482,5533,5101.953125,7884400,-2077
2016/5/18,5544,5618,5504,5537,5105.641602,11434400,15402
2016/5/19,5599,5622,5468,5494,5065.991699,9266300,7494
2016/5/20,5463,5575,5462,5562,5128.693359,7963700,-7771
2016/5/23,5514,5526,5429,5506,5077.056152,8251700,-5948
2016/5/24,5475,5476,5415,5429,5006.055664,7270300,-5982
2016/5/25,5529,5572,5505,5555,5122.239258,8392800,-211
2016/5/26,5647,5678,5589,5596,5160.044434,7143600,-11011
2016/5/27,5616,5638,5555,5589,5153.590332,6654200,-1400
2016/5/30,5626,5684,5598,5681,5238.422852,8782500,-6190
2016/5/31,5660,5839,5645,5783,5332.476563,16985500,13976
2016/6/1,5701,5844,5695,5755,5306.657227,14091000,1313
2016/6/2,5719,5743,5656,5669,5227.35791,11157600,15681
2016/6/3,5669,5720,5642,5675,5232.890137,10055800,2772
2016/6/6,5535,5670,5510,5667,5225.513672,9892700,-3477
2016/6/7,5681,5724,5611,5654,5213.526367,10467700,-10182
2016/6/8,5662,5684,5595,5681,5238.422852,9416700,2114
2016/6/9,5621,5661,5584,5603,5166.499512,8056900,-12404
2016/6/10,5601,5641,5579,5627,5188.630371,11613900,-12484
2016/6/13,5527,5562,5426,5428,5005.132813,10462600,13483
2016/6/14,5392,5442,5351,5393,4972.859863,11611900,1598
2016/6/15,5393,5499,5345,5463,5037.40625,10551400,10074
2016/6/16,5400,5411,5263,5281,4869.584961,12494200,-4818
2016/6/17,5325,5427,5325,5421,4998.678223,13370000,13293
2016/6/20,5463,5604,5463,5568,5134.226074,11899400,4596
2016/6/21,5487,5644,5462,5637,5197.850586,11214900,-1768
2016/6/22,5601,5648,5542,5607,5170.187988,10219100,-15281
2016/6/23,5618,5750,5601,5737,5290.060059,11561600,13629
2016/6/24,5709,5743,5110,5240,4831.778809,29626900,15324
2016/6/27,5208,5220,5100,5151,4749.712402,11938900,14419
2016/6/28,5050,5094,4917,4975,4587.42334,21325400,463
2016/6/29,5143,5168,5065,5119,4720.205078,14160100,-4769
2016/6/30,5222,5223,5052,5052,4658.424805,14202300,-15094
2016/7/1,5100,5141,5085,5107,4709.140625,12672500,7190
2016/7/4,5087,5151,5067,5127,4727.58252,9889200,5601
2016/7/5,5140,5173,5097,5153,4751.556641,9363300,4603
2016/7/6,5051,5065,4965,5064,4669.490234,18048400,-15862
2016/7/7,5050,5119,5022,5073,4677.789063,10781200,2849
2016/7/8,5095,5157,5055,5055,4661.191406,10463100,-4812
2016/7/11,5161,5350,5157,5301,4888.026855,13947300,-12426
2016/7/12,5414,5525,5410,5443,5018.963867,14337800,15056
2016/7/13,5566,5643,5515,5628,5189.551758,19459400,-9114
2016/7/14,5578,5660,5571,5648,5207.993652,11565200,2365
2016/7/15,5675,5807,5666,5759,5310.346191,13634800,-10800
2016/7/19,5816,5826,5690,5784,5333.398438,10037300,-7207
2016/7/20,5740,5784,5729,5775,5325.099609,7609100,-367
2016/7/21,5850,5884,5823,5875,5417.309082,10607000,-5664
2016/7/22,5770,5866,5770,5838,5383.191895,8006700,-5820
2016/7/25,5838,5899,5821,5846,5390.568848,7801200,-6790
2016/7/26,5788,5796,5699,5699,5255.020996,11979200,14827
2016/7/27,5746,5920,5734,5866,5409.010254,12154900,-9474
2016/7/28,5815,5882,5808,5859,5402.555664,8477300,-7633
2016/7/29,5759,5910,5708,5894,5434.829102,16278100,13536
2016/8/1,5715,5830,5704,5797,5345.38623,9412300,7162
2016/8/2,5740,5774,5695,5696,5252.254395,9310000,14744
2016/8/3,5530,5647,5520,5589,5153.590332,11924900,12715
2016/8/4,5591,5715,5578,5691,5247.644043,10766000,-288
2016/8/5,5791,5924,5751,5860,5403.478027,17266400,8298
2016/8/8,5960,6069,5935,6055,5583.287109,13390100,-942
2016/8/9,6030,6049,6002,6011,5542.714355,8602700,15186
2016/8/10,5982,5994,5925,5944,5480.934082,8533800,15795
2016/8/12,6000,6030,5984,6000,5532.571289,8261900,6938
2016/8/15,6000,6007,5950,5950,5486.466797,5527900,6614
2016/8/16,5972,6002,5866,5875,5417.309082,9975100,-2100
2016/8/17,5898,6033,5882,6006,5538.104004,9332300,3334
2016/8/18,5935,5982,5900,5900,5440.362305,10004200,15264
2016/8/19,5969,6060,5956,6026,5556.545898,11944300,-9087
2016/8/22,6078,6109,6065,6100,5624.780762,9130100,-10857
2016/8/23,6063,6080,5985,5997,5529.805176,8516100,9719
2016/8/24,6076,6126,6047,6120,5643.222656,7989700,-6858
2016/8/25,6100,6127,6073,6116,5639.534668,6792500,-490
2016/8/26,6000,6008,5911,5911,5450.504395,12094100,-760
2016/8/29,6106,6186,6082,6147,5668.119141,11580300,12377
2016/8/30,6150,6245,6150,6186,5704.081055,12338600,-12077
2016/8/31,6300,6353,6238,6238,5752.029785,14185400,14720
2016/9/1,6262,6293,6221,6284,5794.446289,9745200,-8658
2016/9/2,6250,6279,6216,6266,5777.848633,7436100,-6170
2016/9/5,6372,6372,6261,6264,5776.004395,6222200,-15522
2016/9/6,6230,6274,6193,6235,5749.263672,6008000,-12965
2016/9/7,6115,6189,6094,6184,5702.236328,7501300,11199
2016/9/8,6163,6196,6136,6190,5707.769043,6268500,14722
2016/9/9,6188,6230,6163,6171,5690.249512,6988000,11878
2016/9/12,6090,6114,6051,6093,5618.326172,6291500,-547
2016/9/13,6125,6168,6084,6109,5633.07959,4727900,-13267
2016/9/14,6100,6138,6045,6050,5578.675781,5872000,-5694
2016/9/15,6005,6017,5930,5970,5504.908203,6896400,10957
2016/9/16,5959,5963,5855,5866,5409.010254,11793600,11424
2016/9/20,5895,6024,5872,5952,5488.311035,8941900,5116
2016/9/21,5957,6148,5901,6144,5665.352539,12809100,14696
2016/9/23,6001,6009,5938,5950,5486.466797,12644600,-10965
2016/9/26,5944,5954,5901,5917,5456.037109,7120700,2633
2016/9/27,5831,6014,5824,6014,5545.480469,10143900,-2987
2016/9/28,5900,5925,5861,5872,5506.097656,8738800,13812
2016/9/29,5922,5942,5888,5898,5530.477539,7664000,-3713
2016/9/30,5703,5811,5703,5779,5418.892578,10413700,-4096
2016/10/3,5830,5852,5791,5791,5430.14502,5842300,14792
2016/10/4,5870,5913,5860,5899,5531.415039,6104700,15958
2016/10/5,5959,5995,5939,5988,5614.869141,6981700,-5272
2016/10/6,6030,6075,6022,6032,5656.127441,6922000,9167
2016/10/7,6043,6043,5976,6006,5631.74707,5489100,3218
2016/10/11,6027,6055,6003,6015,5640.187012,5982000,-7645
2016/10/12,5950,6006,5940,5957,5585.800781,5023100,-10231
2016/10/13,6002,6058,5954,5969,5597.053223,7868700,-3573
2016/10/14,5940,5997,5922,5993,5619.557617,6242100,-15618
2016/10/17,6000,6063,5991,6030,5654.251953,5631900,-9580
2016/10/18,6011,6014,5947,5990,5616.745117,5444600,14307
2016/10/19,5975,5980,5940,5953,5582.050293,5250900,13235
2016/10/20,5945,6038,5942,6038,5661.753906,6577400,-3886
2016/10/21,6050,6051,5966,5972,5599.866211,6363700,-1438
2016/10/24,5976,5983,5941,5956,5584.862793,5119000,10898
2016/10/25,5966,6041,5962,6041,5664.566895,6599000,9458
2016/10/26,6025,6041,5998,6025,5649.563477,5243700,7589
2016/10/27,6025,6062,6001,6004,5629.87207,5252400,-6036
2016/10/28,6040,6061,6024,6043,5666.441895,7305400,11105
2016/10/31,6010,6080,6006,6079,5700.199219,5595500,3338
2016/11/1,6082,6083,6039,6072,5693.635254,5731900,-12938
2016/11/2,5992,5996,5914,5938,5567.984863,8106700,-13821
2016/11/4,5760,5792,5666,5698,5342.939941,13335000,5930
2016/11/7,5825,5832,5775,5810,5447.960938,7469400,14370
2016/11/8,5880,5917,5831,5894,5526.726563,8090000,1939
2016/11/9,5918,5950,5492,5510,5166.654785,28032000,12179
2016/11/10,5870,5876,5784,5838,5474.21582,14658800,8545
2016/11/11,5930,6000,5902,5952,5581.112793,14307900,14164
2016/11/14,6000,6041,5973,6038,5661.753906,10594600,-1554
2016/11/15,6070,6093,6040,6064,5686.132813,8623900,5091
2016/11/16,6106,6198,6100,6186,5800.53125,11177100,-7659
2016/11/17,6137,6190,6131,6151,5767.711914,9659900,8603
2016/11/18,6250,6327,6240,6316,5922.430664,13462800,3621
2016/11/21,6358,6393,6343,6359,5962.750977,8388500,6150
2016/11/22,6327,6357,6270,6287,5895.237793,8503600,1838
2016/11/24,6450,6600,6432,6588,6177.481445,17195000,1533
2016/11/25,6680,6789,6595,6689,6272.1875,18582900,-12951
2016/11/28,6650,6694,6560,6653,6238.430664,10705500,9416
2016/11/29,6608,6665,6600,6640,6226.241211,7384800,-12461
2016/11/30,6688,6690,6625,6649,6234.680176,10471000,6554
2016/12/1,6789,6820,6682,6707,6289.065918,14661400,-15911
2016/12/2,6739,6760,6675,6686,6269.375,9195000,-2661
2016/12/5,6650,6653,6592,6628,6214.98877,8645200,2978
2016/12/6,6680,6711,6670,6683,6266.561523,8443900,9210
2016/12/7,6750,6860,6739,6860,6432.531738,12397100,-3985
2016/12/8,6960,6992,6932,6984,6548.805664,13790500,-9926
2016/12/9,6984,7022,6954,7003,6566.621094,12825100,1277
2016/12/12,7090,7100,6940,7001,6564.746094,10829200,-7073
2016/12/13,7000,7060,6960,7050,6610.693359,8512700,13639
2016/12/14,7069,7076,7017,7031,6592.876953,7886600,-15182
2016/12/15,7100,7192,7095,7156,6710.087891,14022800,-541
2016/12/16,7200,7215,7110,7155,6709.149902,10710700,-13421
2016/12/19,7124,7165,7073,7144,6698.835449,6668400,3201
2016/12/20,7121,7145,7088,7131,6686.645996,5728300,9563
2016/12/21,7160,7199,7103,7122,6678.206055,7777200,4845
2016/12/22,7090,7118,7063,7090,6648.200684,6109400,-2274
2016/12/26,7020,7028,6964,6991,6555.369141,5654600,-4340
2016/12/27,6945,7016,6930,6968,6533.802734,6201200,1405
2016/12/28,7000,7020,6958,6970,6535.678223,4747600,-12572
2016/12/29,6935,6960,6838,6838,6411.90332,11400700,-3892
2016/12/30,6829,6913,6800,6878,6449.411133,6708800,5632
2017/1/4,7010,7103,6975,7097,6654.76416,9547600,15267
2017/1/5,7090,7091,7023,7049,6609.755371,7644000,-12698
2017/1/6,6840,6948,6830,6930,6498.17041,11586100,7844
2017/1/10,6922,6958,6861,6861,6433.469727,8931100,8777
2017/1/11,6899,6924,6875,6912,6481.29248,6605300,13537
2017/1/12,6870,6885,6800,6845,6418.466797,7406000,-3593
2017/1/13,6830,6885,6823,6882,6453.161133,6819700,13789
2017/1/16,6851,6866,6802,6827,6401.588379,5539200,-14507
2017/1/17,6805,6823,6718,6719,6300.318359,8391800,2646
2017/1/18,6631,6768,6621,6736,6316.259277,8996300,3489
2017/1/19,6850,6875,6813,6855,6427.844238,7232900,-2120
2017/1/20,6845,6858,6794,6801,6377.208984,7531200,1209
2017/1/23,6701,6730,6683,6690,6273.125,7764500,-13104
2017/1/24,6646,6673,6575,6579,6169.04248,9614000,-7161
2017/1/25,6709,6739,6677,6706,6288.128418,7894200,12933
2017/1/26,6791,6799,6746,6764,6342.51416,7030500,-15439
2017/1/27,6769,6769,6677,6704,6286.252441,7387400,-10780
2017/1/30,6666,6713,6658,6705,6287.190918,4664800,-14561
2017/1/31,6605,6637,6584,6584,6173.730469,6703300,-2271
2017/2/1,6490,6558,6432,6546,6138.098633,8028800,14054
2017/2/2,6472,6499,6406,6430,6029.327148,8342600,-368
2017/2/3,6450,6488,6405,6445,6043.392578,7038200,2885
2017/2/6,6496,6527,6446,6493,6088.401367,6349600,-11237
2017/2/7,6390,6410,6312,6346,5950.561035,10372200,-14914
2017/2/8,6358,6386,6324,6385,5987.131348,5395500,-2926
2017/2/9,6300,6325,6220,6255,5865.231934,11727100,4741
2017/2/10,6337,6456,6331,6446,6044.330078,9579300,-13717
2017/2/13,6546,6546,6480,6491,6086.525879,6989400,-6549
2017/2/14,6529,6529,6445,6454,6051.831055,6693800,8945
2017/2/15,6518,6518,6479,6491,6086.525879,4299200,11735
2017/2/16,6491,6496,6410,6457,6054.644531,5247200,-257
2017/2/17,6410,6413,6358,6400,6001.196289,5262900,10208
2017/2/20,6450,6454,6386,6432,6031.202148,4340800,-11333
2017/2/21,6450,6479,6439,6478,6074.335449,4099200,2338
2017/2/22,6519,6519,6462,6503,6097.77832,6015600,4136
2017/2/23,6480,6502,6453,6498,6093.089844,3911500,3489
2017/2/24,6438,6470,6431,6448,6046.205566,4338500,-6726
2017/2/27,6400,6439,6358,6406,6006.822266,5912400,14078
2017/2/28,6449,6495,6365,6365,5968.376953,12848500,-6519
2017/3/1,6420,6480,6400,6466,6063.083984,8577200,13755
2017/3/2,6541,6550,6470,6470,6066.833984,7073800,-4285
2017/3/3,6481,6497,6427,6455,6052.769043,6112100,-2619
2017/3/6,6438,6454,6420,6444,6042.45459,3596700,4323
2017/3/7,6425,6439,6414,6430,6029.327148,4256900,12274
2017/3/8,6399,6402,6360,6370,5973.06543,5242600,3525
2017/3/9,6411,6439,6397,6434,6033.077148,5010200,7343
2017/3/10,6498,6525,6480,6520,6113.71875,8240000,9621
2017/3/13,6490,6530,6467,6530,6123.095703,4737800,12697
2017/3/14,6500,6508,6451,6454,6051.831055,5582300,12798
2017/3/15,6439,6478,6423,6475,6071.522461,3763700,-6721
2017/3/16,6420,6458,6408,6453,6050.893555,5856600,14931
2017/3/17,6405,6410,6373,6377,5979.628906,7951600,-14007
2017/3/21,6360,6389,6329,6373,5975.878906,5472200,14395
2017/3/22,6222,6248,6161,6161,5777.089355,11072700,9687
2017/3/23,6132,6175,6100,6160,5776.151367,8336500,-1053
2017/3/24,6163,6232,6145,6229,5840.852051,6222600,8031
2017/3/27,6150,6180,6136,6158,5774.275879,5827200,4960
2017/3/28,6202,6229,6193,6218,5830.537109,6873600,-5377
2017/3/29,6177,6187,6117,6124,5845.810547,7349000,-5390
2017/3/30,6101,6148,6100,6111,5833.401367,4379800,15834
2017/3/31,6125,6154,6042,6042,5767.535156,7722400,-9620
2017/4/3,6087,6102,6026,6046,5771.354004,5082500,-15426
2017/4/4,6001,6008,5955,5984,5712.17041,7259400,-1291
2017/4/5,5960,5987,5882,5909,5640.577148,7635900,-15722
2017/4/6,5850,5878,5804,5810,5546.074219,9050000,2511
2017/4/7,5841,5893,5813,5832,5567.075195,8713800,13103
2017/4/10,5900,5933,5881,5896,5628.167969,5626400,617
2017/4/11,5882,5910,5840,5910,5641.531738,4898800,-10758
2017/4/12,5835,5836,5781,5798,5534.619629,7419600,14764
2017/4/13,5733,5754,5672,5731,5470.662598,7925700,-13914
2017/4/14,5719,5808,5670,5798,5534.619629,7924600,-13395
2017/4/17,5747,5768,5708,5759,5497.391113,4633500,2719
2017/4/18,5800,5821,5753,5757,5495.481934,6033600,2639
2017/4/19,5700,5729,5687,5695,5436.29834,7795100,6046
2017/4/20,5715,5796,5704,5754,5492.618164,6159800,-46
2017/4/21,5820,5880,5812,5855,5589.030273,7722600,11956
2017/4/24,5916,5928,5864,5887,5619.576172,5533900,-988
2017/4/25,5890,6004,5887,6000,5727.443359,7169800,-10855
2017/4/26,6091,6154,6066,6154,5874.448242,8289400,-15916
2017/4/27,6120,6135,6095,6117,5839.128906,6931200,-1093
2017/4/28,6112,6129,6020,6035,5760.853516,6765800,-2196
2017/5/1,6024,6062,6006,6042,5767.535156,3793600,15748
2017/5/2,6057,6143,6048,6143,5863.947266,5943200,14504
2017/5/8,6190,6238,6174,6235,5951.768555,9487200,5369
2017/5/9,6235,6242,6122,6135,5856.311035,7563000,-10316
2017/5/10,6162,6171,6081,6081,5804.763672,7823700,-15235
2017/5/11,6113,6124,5975,6123,5844.855957,13511900,10900
2017/5/12,6090,6094,6020,6047,5772.308594,8216600,-3609
2017/5/15,5990,6025,5983,6009,5736.034668,5925200,13242
2017/5/16,6060,6123,6054,6093,5816.21875,6449300,-9698
2017/5/17,6030,6044,5991,6034,5759.898926,7185300,1174
2017/5/18,5934,5956,5923,5930,5660.623047,6959700,-12920
2017/5/19,5955,5984,5927,5965,5694.033203,6348300,15736
2017/5/22,5985,6023,5962,5997,5724.580078,4445800,3598
2017/5/23,5979,6011,5961,6000,5727.443359,4217200,14780
2017/5/24,6051,6051,5987,6001,5728.397949,4582400,-10112
2017/5/25,5967,6012,5955,5985,5713.124512,4717200,-6429
2017/5/26,5985,5997,5940,5941,5671.124023,5672400,-4070
2017/5/29,5945,5990,5944,5970,5698.806152,3240900,-8556
2017/5/30,5970,5987,5949,5981,5709.306641,3258600,11865
2017/5/31,5962,5977,5925,5932,5662.532227,5703000,-9433
2017/6/1,5935,6003,5933,5989,5716.943359,4999500,14096
2017/6/2,6013,6097,6010,6092,5815.26416,8205700,9096
2017/6/5,6001,6005,5964,5968,5696.896973,7031400,14979
2017/6/6,5964,5974,5907,5910,5641.531738,6170500,4826
2017/6/7,5900,5917,5874,5902,5633.895508,5571700,-14899
2017/6/8,5893,5898,5800,5806,5542.256348,9034100,11064
2017/6/9,5800,5862,5793,5838,5572.802246,8518900,236
2017/6/12,5829,5901,5822,5880,5612.894531,5744200,12757
2017/6/13,5870,5903,5839,5874,5607.166992,5233800,15174
2017/6/14,5899,5900,5858,5859,5592.848633,4020600,1386
2017/6/15,5812,5838,5792,5794,5530.800781,6404500,-7023
2017/6/16,5829,5839,5790,5794,5530.800781,12559500,-6307
2017/6/19,5785,5807,5768,5787,5524.119141,5466200,8331
2017/6/20,5840,5858,5809,5809,5545.119629,7112100,5579
2017/6/21,5800,5853,5790,5840,5574.711914,7470100,-2416
2017/6/22,5836,5889,5830,5877,5610.03125,5364600,11013
2017/6/23,5877,5896,5851,5860,5593.803223,4185800,-1876
2017/6/26,5850,5876,5838,5838,5572.802246,3603700,-10008
2017/6/27,5861,5893,5860,5876,5609.07666,4758000,-9568
2017/6/28,5880,5915,5879,5904,5635.804688,6937500,11279
2017/6/29,5930,5934,5886,5910,5641.531738,6462300,-4833
2017/6/30,5896,5906,5867,5893,5625.303711,7372400,8304
2017/7/3,5893,5996,5887,5950,5679.714355,11484000,-390
2017/7/4,6030,6094,6028,6060,5784.718262,11544700,5335
2017/7/5,6124,6154,6092,6154,5874.448242,10758500,11467
2017/7/6,6155,6160,6103,6134,5855.356445,10018400,793
2017/7/7,6090,6206,6085,6157,5877.311523,10458700,-4826
2017/7/10,6230,6233,6182,6187,5905.94873,7566000,-8435
2017/7/11,6188,6274,6188,6263,5978.496094,8830700,-6564
2017/7/12,6186,6230,6170,6225,5942.222656,8612700,-115
2017/7/13,6231,6244,6189,6210,5927.904297,6891800,8666
2017/7/14,6222,6282,6221,6258,5973.723145,8080300,3117
2017/7/17,6258,6258,6258,6258,5973.723145,0,-6497
2017/7/18,6210,6213,6155,6180,5899.266602,7654300,-10467
2017/7/19,6139,6160,6108,6128,5849.628906,7141200,-10578
2017/7/20,6128,6177,6108,6150,5870.629395,6815300,-3405
2017/7/21,6135,6152,6118,6126,5847.719727,5498200,-8444
2017/7/24,6062,6122,6045,6079,5802.85498,7938000,-11937
2017/7/25,6092,6178,6089,6107,5829.58252,6543500,-3103
2017/7/26,6184,6203,6171,6186,5904.994141,6953100,-3638
2017/7/27,6174,6276,6170,6250,5966.086914,8995900,-5636
2017/7/28,6212,6260,6205,6228,5945.086426,6938900,-15047
2017/7/31,6218,6274,6216,6234,5950.813965,7543700,-7252
2017/8/1,6239,6308,6220,6300,6013.81543,7856600,9324
2017/8/2,6330,6347,6296,6300,6013.81543,6601100,10456
2017/8/3,6311,6313,6202,6225,5942.222656,6286000,9414
2017/8/4,6185,6263,6176,6216,5933.631836,7120300,-10259
2017/8/7,6300,6360,6292,6339,6051.043945,9673500,13663
2017/8/8,6350,6360,6311,6336,6048.180176,5662900,8902
2017/8/9,6284,6304,6205,6236,5952.723145,7389600,6497
2017/8/10,6262,6293,6250,6275,5989.95166,7134900,-12345
2017/8/11,6275,6275,6275,6275,5989.95166,0,10993
2017/8/14,6190,6244,6158,6180,5899.266602,8389800,-11550
2017/8/15,6235,6301,6232,6275,5989.95166,7298300,-12506
2017/8/16,6248,6249,6175,6194,5912.630859,5877700,1699
2017/8/17,6195,6216,6170,6175,5894.494141,5513500,-1199
2017/8/18,6090,6137,6078,6125,5846.765137,6501000,-9373
2017/8/21,6138,6184,6105,6163,5883.038574,6549200,-10970
2017/8/22,6148,6168,6117,6138,5859.174805,5319800,4455
2017/8/23,6198,6217,6156,6173,5892.584961,5812200,6291
2017/8/24,6150,6176,6106,6107,5829.58252,4211500,-12159
2017/8/25,6137,6186,6120,6158,5878.266113,4686700,-6204
2017/8/28,6141,6167,6118,6126,5847.719727,4118300,-12766
2017/8/29,6075,6109,6067,6090,5813.355469,4792100,-6110
2017/8/30,6135,6158,6112,6151,5871.583984,5266000,14639
2017/8/31,6184,6214,6176,6183,5902.130371,5004200,-538
2017/9/1,6215,6217,6151,6182,5901.175781,3710200,-14177
2017/9/4,6165,6202,6157,6169,5888.766113,4348200,-7554
2017/9/5,6189,6220,6180,6219,5936.494629,5118800,4485
2017/9/6,6167,6193,6137,6165,5884.948242,4913300,-11903
2017/9/7,6205,6256,6197,6235,5951.768555,5681500,-6544
2017/9/8,6285,6287,6205,6220,5937.449219,8546200,9509
2017/9/11,6270,6319,6251,6296,6009.99707,5982500,-3735
2017/9/12,6368,6383,6352,6361,6072.044434,6073100,-1261
2017/9/13,6400,6424,6398,6417,6125.500977,4724400,3378
2017/9/14,6416,6438,6409,6431,6138.865234,4994700,14566
2017/9/15,6409,6492,6398,6480,6185.63916,9607100,-3345
2017/9/18,6480,6480,6480,6480,6185.63916,0,-2680
2017/9/19,6600,6730,6600,6729,6423.327637,12343800,-4389
2017/9/20,6683,6730,6672,6703,6398.508789,7543900,-8194
2017/9/21,6774,6788,6737,6738,6431.918945,7048000,-5175
2017/9/22,6750,6787,6732,6733,6427.145996,7333100,-5920
2017/9/25,6781,6794,6762,6784,6475.829102,5874600,-15528
2017/9/26,6780,6832,6774,6815,6505.421387,7867900,-4381
2017/9/27,6752,6778,6735,6748,6537.391602,5465900,-6906
2017/9/28,6779,6793,6710,6769,6557.73584,6139100,2779
2017/9/29,6703,6729,6698,6710,6500.577148,5879200,4357
2017/10/2,6716,6720,6670,6701,6491.858398,4994700,3214
2017/10/3,6747,6750,6718,6747,6536.422363,5989200,12456
2017/10/4,6800,6802,6719,6730,6519.953125,6968500,-2702
2017/10/5,6790,6805,6773,6784,6572.268066,6378400,5449
2017/10/6,6815,6890,6810,6889,6673.990723,10004000,9899
2017/10/9,6889,6889,6889,6889,6673.990723,0,9860
2017/10/10,6900,7000,6888,7000,6781.525879,12133600,-13864
2017/10/11,6965,6977,6920,6932,6715.648926,6670100,10314
2017/10/12,6998,6999,6914,6925,6708.867188,5195900,-11380
2017/10/13,6924,6946,6858,6897,6681.741211,7158400,15687
2017/10/16,6893,6944,6881,6881,6666.240234,5846500,-11763
2017/10/17,6932,6939,6897,6935,6718.555176,4676200,4324
2017/10/18,6935,6989,6929,6986,6767.963379,5410400,1613
2017/10/19,7000,7000,6965,6980,6762.150879,5172100,-4168
2017/10/20,6970,6999,6960,6999,6780.557617,7051700,13411
2017/10/23,7045,7054,6973,6981,6763.119141,6796100,5949
2017/10/24,6956,7029,6940,7028,6808.652344,6090200,-6014
2017/10/25,7033,7044,6967,6988,6769.900879,5293600,-7863
2017/10/26,6995,7033,6988,7032,6812.527344,4628600,-10151
2017/10/27,7050,7086,7043,7073,6852.248047,6404100,6709
2017/10/30,7050,7079,7045,7077,6856.123047,6752500,-7298
2017/10/31,7030,7030,6975,6990,6771.838379,5199900,-11518
2017/11/1,7020,7068,6997,7038,6818.340332,5644300,10221
2017/11/2,7077,7162,7060,7155,6931.688965,8493200,12762
2017/11/3,7155,7155,7155,7155,6931.688965,0,4096
2017/11/6,7189,7208,7133,7169,6945.251465,6816900,-8704
2017/11/7,7169,7184,7085,7183,6958.814941,6329400,-14322
2017/11/8,7250,7312,7197,7254,7027.599121,11338100,-14726
2017/11/9,7279,7304,7065,7166,6942.345215,11036600,3472
2017/11/10,7089,7153,7077,7108,6886.155762,6233800,-4570
2017/11/13,7131,7204,7125,7132,6909.406738,6014900,7690
2017/11/14,7150,7164,7081,7132,6909.406738,4946100,-11523
2017/11/15,7061,7081,6950,6960,6742.774902,7933900,846
2017/11/16,6950,7009,6917,6962,6744.712402,5775400,-11024
2017/11/17,6995,7011,6908,6917,6701.117188,8238400,-1823
2017/11/20,6905,6971,6902,6931,6714.679688,3828300,9279
2017/11/21,6995,7086,6989,7028,6808.652344,5790300,15427
2017/11/22,7097,7143,7064,7079,6858.060547,5275000,-11885
2017/11/23,7079,7079,7079,7079,6858.060547,0,7569
2017/11/24,7026,7042,6984,7023,6803.808594,4581700,6061
2017/11/27,7050,7089,7026,7026,6806.714844,4004300,1445
2017/11/28,7094,7108,7025,7038,6818.340332,5053700,-7411
2017/11/29,7074,7094,7013,7052,6831.90332,4203700,5761
2017/11/30,7090,7114,7021,7044,6824.152832,7279900,-2831
2017/12/1,7081,7120,7017,7051,6830.93457,5461100,2877
2017/12/4,7090,7094,7001,7008,6789.276367,4040600,-3168
2017/12/5,6983,7021,6958,6997,6778.619629,4783000,13027
2017/12/6,6996,6996,6872,6878,6663.333984,7255300,5499
2017/12/7,6940,6966,6913,6932,6715.648926,5263600,4184
2017/12/8,6836,7017,6835,7017,6797.995605,8252100,214
2017/12/11,7030,7058,6992,7047,6827.059082,3751600,13754
2017/12/12,7030,7055,7010,7041,6821.246582,4151700,10537
2017/12/13,7066,7109,7048,7080,6859.029297,4567400,-7026
2017/12/14,7095,7107,7051,7096,6874.530273,4161400,-890
2017/12/15,7016,7031,6952,6966,6748.587402,8718600,-12288
2017/12/18,7042,7172,7037,7162,6938.470215,9711000,4618
2017/12/19,7165,7218,7165,7194,6969.47168,6614400,5928
2017/12/20,7222,7265,7205,7250,7023.723633,6914800,-8695
2017/12/21,7270,7300,7258,7288,7060.537598,6861400,2312
2017/12/22,7287,7290,7238,7282,7054.724609,5419300,-1032
2017/12/25,7251,7283,7241,7282,7054.724609,2075600,-13948
2017/12/26,7270,7288,7251,7253,7026.629883,2291600,9823
2017/12/27,7241,7277,7236,7274,7046.974609,2339900,1121
2017/12/28,7272,7277,7210,7221,6995.628906,2422100,-8908
2017/12/29,7231,7243,7203,7213,6987.878418,2618000,6994
2018/1/1,7213,7213,7213,7213,6987.878418,0,3307
2018/1/2,7213,7213,7213,7213,6987.878418,0,1002
2018/1/3,7213,7213,7213,7213,6987.878418,0,-11659
2018/1/4,7300,7413,7293,7413,7181.63623,9355400,-11620
2018/1/5,7450,7555,7448,7552,7316.29834,8616400,-12573
2018/1/8,7552,7552,7552,7552,7316.29834,0,5709
2018/1/9,7572,7582,7486,7541,7305.641113,7063800,2582
2018/1/10,7555,7721,7549,7706,7465.491699,9036800,-7149
2018/1/11,7572,7631,7551,7629,7390.89502,8857000,11524
2018/1/12,7599,7625,7561,7578,7341.486816,7652400,11952
2018/1/15,7619,7688,7610,7653,7414.145996,5035800,-9144
2018/1/16,7665,7737,7644,7733,7491.648926,5603700,6736
2018/1/17,7700,7784,7688,7782,7539.119629,6575600,2340
2018/1/18,7800,7806,7670,7698,7457.741211,8646900,10622
2018/1/19,7735,7746,7671,7739,7497.461914,6237300,12256
2018/1/22,7700,7706,7663,7679,7439.334473,6180900,10776
2018/1/23,7700,7755,7695,7740,7498.430664,6031300,-13388
2018/1/24,7690,7723,7666,7673,7433.521973,5893500,-4025
2018/1/25,7580,7621,7549,7594,7356.987305,5046000,-1818
2018/1/26,7624,7656,7605,7608,7370.550293,5372100,-11105
2018/1/29,7560,7687,7547,7643,7404.458008,5170600,-14655
2018/1/30,7674,7722,7599,7629,7390.89502,7712900,-2355
2018/1/31,7599,7633,7455,7480,7246.54541,8239800,5017
2018/2/1,7520,7627,7500,7618,7380.238281,6382600,11924
2018/2/2,7562,7652,7526,7626,7387.98877,6804100,14623
2018/2/5,7526,7575,7501,7501,7266.890137,8301800,1864
2018/2/6,7225,7310,7125,7286,7058.600098,12388800,10636
2018/2/7,7600,7704,7350,7372,7141.915527,12986500,-13888
2018/2/8,7455,7596,7451,7551,7315.32959,8289000,13696
2018/2/9,7333,7478,7310,7465,7232.013672,9426800,-15292
2018/2/12,7465,7465,7465,7465,7232.013672,0,15323
2018/2/13,7480,7490,7250,7276,7048.912109,10105600,10205
2018/2/14,7282,7286,7080,7122,6899.718262,10693500,14113
2018/2/15,7194,7237,7121,7142,6919.094238,6726200,-8550
2018/2/16,7193,7320,7160,7208,6983.03418,7113300,-2820
2018/2/19,7254,7380,7250,7379,7148.697754,5301700,2343
2018/2/20,7345,7346,7276,7291,7063.443848,5913200,10544
2018/2/21,7347,7360,7270,7300,7072.163086,5460400,5704
2018/2/22,7250,7271,7217,7235,7009.191406,4976300,-13424
2018/2/23,7269,7294,7236,7283,7055.693848,3156200,1537
2018/2/26,7317,7359,7300,7323,7094.445313,3301700,2456
2018/2/27,7369,7411,7350,7379,7148.697754,3950100,-14765
2018/2/28,7348,7379,7235,7235,7009.191406,5709300,-11368
2018/3/1,7197,7198,7076,7084,6862.904785,7207400,-8681
2018/3/2,6960,6977,6886,6916,6700.147949,8015200,-13662
2018/3/5,6887,6904,6793,6814,6601.331543,7102600,3137
2018/3/6,6930,6993,6881,6882,6667.209473,5232100,-3580
2018/3/7,6806,6911,6767,6797,6584.861816,6565800,-5779
2018/3/8,6859,6862,6791,6815,6602.300293,4010000,-12762
2018/3/9,6900,6953,6772,6791,6579.049316,8114800,6017
2018/3/12,6930,6969,6902,6958,6740.836914,5203200,10820
2018/3/13,6901,6972,6869,6969,6751.493652,4562500,242
2018/3/14,6920,6977,6917,6939,6722.430176,4127200,2250
2018/3/15,6902,6960,6897,6931,6714.679688,4006200,-912
2018/3/16,6950,6950,6883,6884,6669.146484,6079600,-10537
2018/3/19,6870,6922,6817,6827,6613.925781,3605600,-15121
2018/3/20,6800,6857,6765,6853,6639.114258,4289500,10606
2018/3/21,6853,6853,6853,6853,6639.114258,0,36
2018/3/22,6809,6894,6805,6846,6632.333008,4697400,-5954
2018/3/23,6700,6711,6586,6603,6396.916992,8729400,-2960
2018/3/26,6576,6643,6531,6642,6434.699707,6361000,-1886
2018/3/27,6722,6893,6706,6891,6675.928223,7890200,10054
2018/3/28,6727,6862,6684,6862,6765.650391,7136500,5929
2018/3/29,6939,6945,6763,6842,6745.931641,6205100,7
2018/3/30,6876,6892,6791,6825,6729.169922,4744500,-14771
2018/4/2,6833,6870,6779,6779,6683.815918,2966000,-11048
2018/4/3,6705,6751,6687,6730,6635.503906,4826000,5250
2018/4/4,6750,6770,6704,6739,6644.377441,5303100,-7588
2018/4/5,6785,6809,6737,6750,6655.223145,5784700,5074
2018/4/6,6765,6817,6725,6728,6633.532227,4857900,-5249
2018/4/9,6720,6762,6693,6741,6646.349609,3798600,8992
2018/4/10,6746,6908,6709,6838,6741.987793,6951200,1162
2018/4/11,6890,6914,6845,6845,6748.88916,3609100,-15619
2018/4/12,6834,6886,6740,6873,6776.496094,4390000,8681
2018/4/13,6931,6962,6903,6910,6812.976563,4553800,-12587
2018/4/16,6917,6941,6885,6936,6838.611816,3065900,-13413
2018/4/17,6896,6939,6882,6892,6795.229492,3297200,1459
2018/4/18,6912,6975,6896,6937,6839.597656,3893400,-6869
2018/4/19,6980,7008,6923,6923,6825.793945,3938900,11944
2018/4/20,6931,6984,6915,6957,6859.316895,3310300,-15940
2018/4/23,6995,7008,6960,6970,6872.134277,2607900,3631
2018/4/24,7039,7115,7035,7110,7010.168457,4631400,14673
2018/4/25,7090,7170,7054,7168,7067.354004,4575700,-8964
2018/4/26,7195,7243,7156,7169,7068.339844,4506800,714
2018/4/27,7220,7241,7158,7181,7080.171387,4591900,-7533
2018/4/30,7181,7181,7181,7181,7080.171387,0,-13126
2018/5/1,7181,7218,7156,7195,7093.975098,3363500,-4324
2018/5/2,7201,7205,7138,7165,7064.395996,3143000,15149
2018/5/3,7165,7165,7165,7165,7064.395996,0,13781
2018/5/4,7165,7165,7165,7165,7064.395996,0,-1084
2018/5/7,7197,7209,7145,7201,7099.890625,3132300,11605
2018/5/8,7189,7209,7120,7155,7054.536621,4215700,15095
2018/5/9,7120,7426,7081,7424,7319.759766,16844400,4591
2018/5/10,7490,7609,7486,7592,7485.400879,14684300,14928
2018/5/11,7592,7686,7520,7543,7437.088867,7947100,-3673
2018/5/14,7492,7581,7435,7560,7453.850098,5679700,9209
2018/5/15,7589,7600,7480,7514,7408.496094,5821000,4636
2018/5/16,7500,7608,7494,7551,7444.976563,5838500,1282
2018/5/17,7597,7619,7555,7555,7448.92041,4343500,13117
2018/5/18,7589,7600,7542,7571,7464.695313,3993500,14397
2018/5/21,7600,7626,7555,7562,7455.821777,5037100,2914
2018/5/22,7563,7578,7508,7527,7421.313477,4023100,9621
2018/5/23,7555,7571,7427,7435,7330.60498,6625200,10917
2018/5/24,7371,7379,7190,7208,7106.79248,8562700,-13496
2018/5/25,7158,7198,7106,7115,7015.098145,6081700,3213
2018/5/28,7115,7138,7015,7052,6952.98291,5135100,-7696
2018/5/29,7021,7048,6976,6976,6878.049805,5250000,-5257
2018/5/30,6856,6886,6825,6841,6744.945313,8857000,12128
2018/5/31,6920,6994,6913,6921,6823.822266,34476900,-1282
2018/6/1,6950,7166,6941,7122,7022,12928000,4626
2018/6/4,7199,7410,7192,7401,7297.08252,10315300,-1986
2018/6/5,7401,7408,7322,7345,7241.868652,7521500,-11607
2018/6/6,7371,7478,7371,7474,7369.057617,7765600,829
2018/6/7,7530,7615,7505,7527,7421.313477,11112900,-6374
2018/6/8,7473,7544,7460,7480,7374.973145,9000600,4163
2018/6/11,7477,7516,7431,7492,7386.804688,5477100,-2952
2018/6/12,7526,7529,7395,7397,7293.138672,6780100,-1286
2018/6/13,7459,7524,7453,7496,7390.748535,6062700,13807
2018/6/14,7443,7503,7420,7429,7324.689453,5995600,7467
2018/6/15,7510,7568,7505,7562,7455.821777,10035000,-5395
2018/6/18,7525,7606,7505,7530,7424.270996,7387600,801
2018/6/19,7500,7588,7461,7470,7365.11377,8106100,-4548
2018/6/20,7497,7518,7391,7448,7343.422363,7581700,4931
2018/6/21,7446,7478,7395,7396,7292.152832,5748400,-4046
2018/6/22,7271,7298,7156,7199,7097.918945,10416200,4885
2018/6/25,7230,7240,7091,7091,6991.435059,5529800,6141
2018/6/26,7050,7110,6993,7081,6981.575684,5388100,-5086
2018/6/27,7120,7124,7004,7039,6940.165527,5324700,11537
2018/6/28,7098,7128,7062,7116,7016.083984,6049300,4783
2018/6/29,7130,7197,7063,7170,7069.326172,7184000,5473
2018/7/2,7150,7210,7057,7068,6968.758301,7850000,13500
2018/7/3,7103,7154,7023,7075,6975.659668,6783900,581
2018/7/4,7059,7145,7037,7098,6998.336914,5241100,-12548
2018/7/5,7123,7164,7055,7086,6986.505371,6147100,8514
2018/7/6,7145,7226,7130,7162,7061.438477,7129200,-6628
2018/7/9,7196,7243,7174,7210,7108.76416,5416500,13378
2018/7/10,7221,7255,7151,7151,7050.592773,7462200,13562
2018/7/11,7113,7183,7057,7132,7031.859375,5667000,4619
2018/7/12,7157,7266,7150,7234,7132.427246,6240800,-1851
2018/7/13,7274,7299,7220,7278,7175.80957,6268000,15948
2018/7/16,7278,7278,7278,7278,7175.80957,0,13549
2018/7/17,7273,7452,7267,7373,7269.475586,6244100,12806
2018/7/18,7476,7526,7445,7473,7368.071777,5537900,-1351
2018/7/19,7454,7503,7419,7457,7352.296387,5644200,4284
2018/7/20,7450,7510,7406,7440,7335.534668,5803300,15350
2018/7/23,7332,7385,7308,7311,7208.346191,5421100,8585
2018/7/24,7374,7405,7346,7365,7261.587891,4232600,-5793
2018/7/25,7364,7388,7319,7323,7220.177734,4682800,1852
2018/7/26,7450,7470,7384,7384,7280.321289,6178700,-14153
2018/7/27,7400,7465,7385,7456,7351.310059,4362200,13218
2018/7/30,7433,7499,7432,7493,7387.790527,3873100,1255
2018/7/31,7495,7523,7305,7305,7202.430664,8975400,2229
2018/8/1,7422,7428,7363,7399,7295.110352,5801000,-13688
2018/8/2,7379,7383,7251,7282,7179.753418,6190300,-14798
2018/8/3,7310,7410,7200,7220,7118.624023,9080300,3939
2018/8/6,7258,7271,7107,7133,7032.845703,5729500,-3781
2018/8/7,7168,7168,7053,7146,7045.663086,5252200,-8601
2018/8/8,7145,7153,7060,7061,6961.856445,4294900,-11292
2018/8/9,7051,7054,6979,6990,6891.853516,5009500,-12999
2018/8/10,6999,7025,6950,6951,6853.400879,4963500,-7214
2018/8/13,6900,6917,6805,6805,6709.451172,5822300,-6103
2018/8/14,6865,6885,6813,6864,6767.622559,4296800,-11638
2018/8/15,6880,6909,6793,6815,6719.310547,4577700,3848
2018/8/16,6770,6791,6700,6775,6679.87207,5862600,-10484
2018/8/17,6864,6866,6771,6803,6707.479004,4665900,8877
2018/8/20,6770,6786,6727,6760,6665.083008,3938100,11827
2018/8/21,6750,6758,6696,6724,6629.588379,4620300,6953
2018/8/22,6769,6898,6735,6879,6782.412109,5681400,11396
2018/8/23,6861,6869,6791,6802,6706.493164,4300300,15507
2018/8/24,6814,6842,6781,6830,6734.100098,3713200,2451
2018/8/27,6895,6983,6882,6966,6868.19043,5043900,-317
2018/8/28,7100,7125,7026,7026,6927.347656,6175900,13216
2018/8/29,6987,7091,6981,7070,6970.72998,4349200,-785
2018/8/30,7130,7130,7002,7003,6904.670898,5826900,11506
2018/8/31,6973,6984,6922,6930,6832.695801,5930600,70
2018/9/3,6851,6885,6805,6816,6720.296387,4812800,15230
2018/9/4,6808,6811,6758,6773,6677.900391,4265800,8264
2018/9/5,6763,6791,6711,6721,6626.630371,6024000,12827
2018/9/6,6681,6702,6646,6667,6573.388672,5451500,-179
2018/9/7,6610,6626,6552,6596,6503.385742,6639700,1298
2018/9/10,6565,6644,6556,6594,6501.413574,4735300,5464
2018/9/11,6612,6728,6597,6700,6605.925293,5704700,-6720
2018/9/12,6682,6710,6622,6661,6567.472656,5317300,7639
2018/9/13,6705,6805,6694,6783,6687.759766,6310600,-10186
2018/9/14,6845,6859,6798,6848,6751.847168,7650100,-8723
2018/9/17,6848,6848,6848,6848,6751.847168,0,7095
2018/9/18,6837,6968,6811,6960,6862.274414,7027400,12408
2018/9/19,7017,7075,6991,7019,6920.446289,7104100,-8508
2018/9/20,7065,7066,6954,6979,6881.007813,7161200,-2902
2018/9/21,7051,7054,6997,7000,6901.712891,10446100,2577
2018/9/24,7000,7000,7000,7000,6901.712891,0,4427
2018/9/25,7004,7126,7001,7122,7022,8661800,-421
2018/9/26,7055,7060,6947,7030,7030,7999900,-9708
2018/9/27,7110,7134,7002,7008,7008,8039100,7584
2018/9/28,7083,7114,7020,7095,7095,8082700,5633
2018/10/1,7054,7084,7022,7060,7060,5387000,6436
2018/10/2,7136,7257,7123,7175,7175,10122900,494
2018/10/3,7160,7161,6964,6964,6964,7893400,4229
2018/10/4,7040,7115,6991,7005,7005,8502800,5452
2018/10/5,6950,7082,6935,7002,7002,6982500,-4644
2018/10/8,7002,7002,7002,7002,7002,0,3124
2018/10/9,6884,6888,6758,6786,6786,10221300,-3107
2018/10/10,6815,6826,6724,6760,6760,7178100,784
2018/10/11,6538,6607,6521,6597,6597,9656400,2642
2018/10/12,6622,6645,6567,6608,6608,8390900,-10437
2018/10/15,6571,6591,6450,6450,6450,8448900,2589
2018/10/16,6460,6527,6456,6522,6522,6357300,9611
2018/10/17,6630,6634,6565,6612,6612,6112400,10513
2018/10/18,6645,6674,6612,6641,6641,6212000,13651
2018/10/19,6581,6593,6543,6577,6577,5031500,2632
2018/10/22,6535,6589,6478,6549,6549,5668400,7958
2018/10/23,6608,6678,6529,6544,6544,8340600,-14886
2018/10/24,6605,6623,6522,6578,6578,6485500,2838
2018/10/25,6450,6478,6396,6402,6402,8161700,-5547
2018/10/26,6461,6565,6405,6534,6534,10300700,-7310
2018/10/29,6524,6545,6426,6426,6426,7248000,8062
2018/10/30,6449,6559,6437,6485,6485,19326200,-8672
2018/10/31,6501,6623,6473,6615,6615,7902000,-15589
2018/11/1,6628,6640,6549,6576,6576,5884900,-14518
2018/11/2,6585,6596,6428,6557,6557,9896600,1343
2018/11/5,6510,6529,6446,6494,6494,5799600,8387
2018/11/6,6532,6728,6514,6630,6630,9475200,-15933
2018/11/7,6684,6797,6600,6639,6639,10601900,-5024
2018/11/8,6772,6775,6663,6686,6686,6508700,8090
2018/11/9,6697,6706,6653,6696,6696,4920600,-8236
2018/11/12,6679,6731,6661,6709,6709,4042900,-8214
2018/11/13,6599,6599,6498,6545,6545,6170800,-7866
2018/11/14,6589,6677,6559,6667,6667,6051700,10623
2018/11/15,6666,6666,6608,6640,6640,4194900,-1719
2018/11/16,6642,6653,6561,6591,6591,4153700,8845
2018/11/19,6591,6638,6541,6612,6612,6924800,-11467
2018/11/20,6612,6762,6611,6717,6717,8667600,672
2018/11/21,6632,6736,6595,6715,6715,8050100,6387
2018/11/22,6721,6825,6720,6821,6821,7695000,-2286
2018/11/23,6821,6821,6821,6821,6821,0,-8070
2018/11/26,6818,6830,6770,6805,6805,6202500,-78
2018/11/27,6835,6946,6830,6927,6927,7430500,403
2018/11/28,6928,6939,6795,6866,6866,7896800,-4107
2018/11/29,6870,6932,6859,6894,6894,7205800,-4679
2018/11/30,6939,7034,6800,6803,6803,18787000,11713
2018/12/3,7000,7097,6970,7032,7032,9283200,6988
2018/12/4,7049,7069,6907,6911,6911,7465100,7678
2018/12/5,6844,6931,6820,6910,6910,6383900,11000
2018/12/6,6947,7007,6817,6876,6876,7798100,-7395
2018/12/7,6927,6939,6814,6858,6858,7562500,9579
2018/12/10,6720,6839,6720,6820,6820,5380200,2879
2018/12/11,6800,6812,6738,6745,6745,6559300,-3947
2018/12/12,6800,6917,6776,6895,6895,7932900,3763
2018/12/13,6910,6931,6854,6870,6870,6603800,12394
2018/12/14,6822,6919,6812,6829,6829,8176400,-4985
2018/12/17,6794,6882,6789,6840,6840,5162400,-9273
2018/12/18,6751,6840,6744,6775,6775,6068100,13871
2018/12/19,6775,6852,6743,6762,6762,6868600,13695
2018/12/20,6760,6809,6607,6629,6629,7156800,-11477
2018/12/21,6489,6497,6401,6416,6416,9602200,-6398
2018/12/24,6416,6416,6416,6416,6416,0,791
2018/12/25,6175,6206,6056,6079,6079,6961800,6030
2018/12/26,6129,6235,6045,6146,6146,5505500,11832
2018/12/27,6394,6442,6338,6415,6415,6694100,9883
2018/12/28,6365,6444,6316,6406,6406,5048300,8581
2018/12/31,6406,6406,6406,6406,6406,0,2168
2019/1/1,6406,6406,6406,6406,6406,0,-15164
2019/1/2,6406,6406,6406,6406,6406,0,-8225
2019/1/3,6406,6406,6406,6406,6406,0,-11301
2019/1/4,6180,6360,6161,6346,6346,10011900,2479
2019/1/7,6495,6622,6478,6546,6546,7677200,1048
2019/1/8,6610,6687,6584,6626,6626,7979300,6214
2019/1/9,6712,6715,6629,6677,6677,5494400,-4135
2019/1/10,6630,6714,6627,6704,6704,6340400,-13865
2019/1/11,6730,6836,6729,6821,6821,7895300,592
2019/1/14,6821,6821,6821,6821,6821,0,-8631
2019/1/15,6800,6905,6768,6892,6892,7076200,-12770
2019/1/16,6850,6862,6814,6844,6844,6633700,-4320
2019/1/17,6820,6862,6765,6790,6790,5247600,-11097
2019/1/18,6820,6842,6797,6798,6798,6627200,4273
2019/1/21,6837,6881,6807,6817,6817,5663600,-10741
2019/1/22,6820,6861,6769,6784,6784,5189700,8562
