2016/1/4,656.289978,657.719971,627.51001,636.98999,636.98999,9314500
2016/1/5,646.859985,646.909973,627.650024,633.789978,633.789978,5822600
2016/1/6,622,639.789978,620.309998,632.650024,632.650024,5329200
2016/1/7,621.799988,630,605.210022,607.940002,607.940002,7074900
2016/1/8,619.659973,624.140015,606,607.049988,607.049988,5512900
2016/1/11,612.47998,619.849976,598.570007,617.73999,617.73999,4869200
2016/1/12,625.25,625.98999,612.23999,617.890015,617.890015,4724100
2016/1/13,620.880005,620.880005,579.159973,581.809998,581.809998,7655200
2016/1/14,580.25,602.25,569.880005,593,593,7238000
2016/1/15,572.23999,584.619995,565.299988,570.179993,570.179993,7784500
2016/1/19,577.090027,584,566.450012,574.47998,574.47998,4807200
2016/1/20,564.359985,578.450012,547.179993,571.77002,571.77002,7966400
2016/1/21,573.580017,588.809998,568.219971,575.02002,575.02002,4952200
2016/1/22,588.72998,600.099976,584.109985,596.380005,596.380005,5120100
2016/1/25,597.98999,608.5,594.559998,596.530029,596.530029,4396100
2016/1/26,603.450012,604.5,590.380005,601.25,601.25,3743200
2016/1/27,601.98999,603.390015,578.780029,583.349976,583.349976,5152900
2016/1/28,608.369995,638.059998,597.549988,635.349976,635.349976,14015200
2016/1/29,571.97998,593,570,587,587,14677600
2016/2/1,578.150024,581.799988,570.309998,574.809998,574.809998,6355100
2016/2/2,570,571.559998,550.090027,552.099976,552.099976,6312000
2016/2/3,553.5,556,521.900024,531.070007,531.070007,10048700
2016/2/4,525,538.98999,519.219971,536.26001,536.26001,6176600
2016/2/5,529.280029,529.450012,499.190002,502.130005,502.130005,9708900
2016/2/8,486.470001,493.5,475.209991,488.100006,488.100006,9825500
2016/2/9,478.01001,498.380005,474,482.070007,482.070007,7045900
2016/2/10,491.76001,504.660004,486,490.480011,490.480011,6786200
2016/2/11,491.170013,509.299988,484,503.820007,503.820007,7397400
2016/2/12,510.700012,516.75,501.48999,507.079987,507.079987,5384800
2016/2/16,519.47998,524.450012,511.660004,521.099976,521.099976,5118500
2016/2/17,528.73999,537.47998,519.390015,534.099976,534.099976,4824000
2016/2/18,541.190002,541.200012,523.72998,525,525,4735000
2016/2/19,520.710022,535.950012,515.349976,534.900024,534.900024,4974700
2016/2/22,542.200012,560.650024,541.080017,559.5,559.5,5566600
2016/2/23,555.549988,556.909973,545.330017,552.940002,552.940002,4050800
2016/2/24,545.75,554.27002,533.150024,554.039978,554.039978,6231700
2016/2/25,555.52002,559.390015,545.289978,555.150024,555.150024,4510500
2016/2/26,560.119995,562.5,553.169983,555.22998,555.22998,4877000
2016/2/29,554,564.809998,552.51001,552.52002,552.52002,4145400
2016/3/1,556.289978,579.25,556,579.039978,579.039978,5038500
2016/3/2,581.75,585,573.700012,580.210022,580.210022,4582200
2016/3/3,577.960022,579.869995,573.109985,577.48999,577.48999,2736700
2016/3/4,581.070007,581.400024,571.070007,575.140015,575.140015,3416500
2016/3/7,573.539978,573.630005,555.549988,562.799988,562.799988,4926900
2016/3/8,557.869995,571.349976,554.73999,560.26001,560.26001,4730000
2016/3/9,559.559998,560.349976,550.130005,559.469971,559.469971,4377300
2016/3/10,566.73999,567,547.900024,558.929993,558.929993,3914300
2016/3/11,566.950012,570.059998,562.72998,569.609985,569.609985,3771300
2016/3/14,567,576.890015,563.049988,573.369995,573.369995,3454200
2016/3/15,571,581.52002,567,577.02002,577.02002,3876800
2016/3/16,576.640015,581.320007,571.140015,574.27002,574.27002,3537700
2016/3/17,569.51001,571.400024,555.01001,559.440002,559.440002,5928100
2016/3/18,560.940002,562.330017,546.090027,552.080017,552.080017,7296900
2016/3/21,548.909973,555.23999,538.580017,553.97998,553.97998,5155700
2016/3/22,545.109985,562.76001,545.049988,560.47998,560.47998,4000600
2016/3/23,561,572.47998,558.099976,569.630005,569.630005,3983700
2016/3/24,567.109985,583.549988,567.080017,582.950012,582.950012,5185500
2016/3/28,584.400024,584.75,575.559998,579.869995,579.869995,3121500
2016/3/29,580.150024,595.849976,576.5,593.859985,593.859985,4167100
2016/3/30,596.710022,603.23999,595,598.690002,598.690002,3890500
2016/3/31,599.280029,600.75,592.210022,593.640015,593.640015,2681800
2016/4/1,590.48999,599.030029,588.299988,598.5,598.5,2917400
2016/4/4,599,599.5,590.549988,593.190002,593.190002,2470800
2016/4/5,590.77002,593.469971,585.25,586.140015,586.140015,2308900
2016/4/6,587.52002,602.390015,587.5,602.080017,602.080017,2833500
2016/4/7,598.76001,599.599976,589.080017,591.429993,591.429993,3189000
2016/4/8,594.320007,597.859985,589,594.599976,594.599976,2591900
2016/4/11,596.140015,604,594.909973,595.929993,595.929993,2704300
2016/4/12,598.400024,604.059998,592.309998,603.169983,603.169983,2636300
2016/4/13,607.679993,616.809998,605.289978,614.820007,614.820007,4228300
2016/4/14,615.070007,624.380005,615.070007,620.75,620.75,3474300
2016/4/15,621.919983,626.77002,618.109985,625.890015,625.890015,2887700
2016/4/18,625.349976,637.640015,624.960022,635.349976,635.349976,4336400
2016/4/19,637.140015,638.01001,620.799988,627.900024,627.900024,4055900
2016/4/20,630,636.549988,623,632.98999,632.98999,2609400
2016/4/21,631,637.820007,628.5,631,631,2596300
2016/4/22,624.469971,628.25,611.559998,620.5,620.5,5083900
2016/4/25,616.609985,626.97998,616.25,626.200012,626.200012,2682900
2016/4/26,626.169983,626.75,614.880005,616.880005,616.880005,2521400
2016/4/27,611.799988,615.950012,601.280029,606.570007,606.570007,4068800
2016/4/28,615.539978,626.799988,599.200012,602,602,7872600
2016/4/29,666,669.97998,654,659.590027,659.590027,10310700
2016/5/2,663.919983,685.5,662.030029,683.849976,683.849976,6578500
2016/5/3,677.359985,680.299988,670.429993,671.320007,671.320007,4923400
2016/5/4,662.590027,674,662.140015,670.900024,670.900024,4574500
2016/5/5,673.309998,676.48999,656,659.090027,659.090027,4884100
2016/5/6,656.049988,676.950012,656.01001,673.950012,673.950012,4365300
2016/5/9,673.950012,686.97998,671.409973,679.75,679.75,3982200
2016/5/10,694,704.549988,693.5,703.070007,703.070007,6087000
2016/5/11,705.789978,719,701.650024,713.22998,713.22998,7338200
2016/5/12,717.380005,722.450012,711.51001,717.929993,717.929993,5048200
2016/5/13,714.640015,719.25,706.51001,709.919983,709.919983,4763400
2016/5/16,710.130005,713.25,700.280029,710.659973,710.659973,5432900
2016/5/17,709.900024,714.469971,693.909973,695.27002,695.27002,5121400
2016/5/18,689.559998,702.539978,688.76001,697.450012,697.450012,4283200
2016/5/19,691.880005,699.400024,689.559998,698.52002,698.52002,3025600
2016/5/20,701.049988,707.23999,700,702.799988,702.799988,2916200
2016/5/23,704.25,706,696.419983,696.75,696.75,2579200
2016/5/24,698.01001,707.5,698,704.200012,704.200012,3033800
2016/5/25,708,710.859985,705.52002,708.349976,708.349976,3267700
2016/5/26,708.330017,715,707.289978,714.909973,714.909973,2436800
2016/5/27,715,716.599976,711.099976,712.23999,712.23999,2249200
2016/5/31,712.330017,724.22998,711.320007,722.789978,722.789978,3618300
2016/6/1,720.900024,726.429993,718.219971,719.440002,719.440002,3263100
2016/6/2,720.969971,728.280029,715.5,728.23999,728.23999,3020700
2016/6/3,726.73999,727,718.429993,725.539978,725.539978,3367300
2016/6/6,726.5,731.5,724.419983,726.72998,726.72998,2704800
2016/6/7,729.890015,730,720.549988,723.73999,723.73999,2732500
2016/6/8,726.400024,729.419983,721.599976,726.640015,726.640015,2223400
2016/6/9,723.099976,728.909973,722.299988,727.650024,727.650024,2170300
2016/6/10,722.349976,724.97998,714.210022,717.909973,717.909973,3425700
2016/6/13,714.01001,721.98999,711.159973,715.23999,715.23999,3352200
2016/6/14,712.330017,720.809998,712.27002,719.299988,719.299988,2506900
2016/6/15,722,722.559998,713.349976,714.26001,714.26001,2709400
2016/6/16,712.049988,718,705.299988,717.51001,717.51001,3098000
2016/6/17,718.190002,718.200012,699.179993,706.390015,706.390015,5897800
2016/6/20,713.5,721.309998,710.809998,714.01001,714.01001,3677200
2016/6/21,715.719971,718.400024,712.719971,715.820007,715.820007,2137500
2016/6/22,716.580017,717,707.570007,710.599976,710.599976,2260500
2016/6/23,715.5,722.119995,712.5,722.080017,722.080017,2825000
2016/6/24,693,712.530029,692.200012,698.960022,698.960022,7632500
2016/6/27,692.01001,696.820007,682.119995,691.359985,691.359985,5568000
2016/6/28,700,708,698.169983,707.950012,707.950012,4037000
2016/6/29,715.75,719.5,713.539978,715.599976,715.599976,3070100
2016/6/30,717.200012,719.369995,712.539978,715.619995,715.619995,2855100
2016/7/1,717.320007,728,716.539978,725.679993,725.679993,2920400
2016/7/5,722.799988,729.559998,719.609985,728.099976,728.099976,2431400
2016/7/6,725.710022,737.77002,722.580017,737.609985,737.609985,3938200
2016/7/7,739.330017,739.549988,731.630005,736.570007,736.570007,2936700
2016/7/8,740.140015,746.099976,738,745.809998,745.809998,3429200
2016/7/11,750,755.900024,747,753.780029,753.780029,3195300
2016/7/12,756.859985,757.340027,740.330017,748.210022,748.210022,5623700
2016/7/13,746.76001,756.869995,741.25,742.630005,742.630005,4142300
2016/7/14,748.859985,749.039978,739.02002,741.200012,741.200012,2390500
2016/7/15,746.549988,746.549988,734.049988,735.440002,735.440002,3121400
2016/7/18,735.48999,741.599976,728.719971,736.070007,736.070007,2954900
2016/7/19,732.5,743.330017,732.309998,739.950012,739.950012,2216800
2016/7/20,744,746.25,740.700012,745.719971,745.719971,2214000
2016/7/21,747.5,749.359985,742.789978,744.429993,744.429993,2317100
2016/7/22,747.789978,751.280029,743.530029,744.859985,744.859985,2277700
2016/7/25,746.549988,748.5,735.349976,739.609985,739.609985,2679300
2016/7/26,742.710022,743.130005,732.75,735.590027,735.590027,2529700
2016/7/27,737.969971,740.940002,733.859985,736.669983,736.669983,2831800
2016/7/28,745.97998,753.359985,739.700012,752.609985,752.609985,7617600
2016/7/29,765,766,755,758.809998,758.809998,6777100
2016/8/1,759.869995,770.5,757.059998,767.73999,767.73999,3578200
2016/8/2,763.809998,765.01001,757.02002,760.580017,760.580017,3603300
2016/8/3,757.059998,758.890015,752.25,754.640015,754.640015,3581500
2016/8/4,753.700012,765,750.349976,760.77002,760.77002,3176000
2016/8/5,764.809998,768.469971,763.090027,765.97998,765.97998,2704400
2016/8/8,766.809998,767,761.02002,766.559998,766.559998,1986300
2016/8/9,767.390015,772.599976,766.900024,768.309998,768.309998,1876100
2016/8/10,769.799988,772.099976,766.190002,768.559998,768.559998,1604300
2016/8/11,769.940002,773.75,769.119995,771.23999,771.23999,2016300
2016/8/12,768.460022,773.150024,768.419983,772.559998,772.559998,1563300
2016/8/15,771.900024,772.039978,767.710022,768.48999,768.48999,2118500
2016/8/16,768.619995,768.72998,763.820007,764.039978,764.039978,1604600
2016/8/17,764.409973,765.219971,759.200012,764.630005,764.630005,1891100
2016/8/18,764,765.169983,760.599976,764.460022,764.460022,1458800
2016/8/19,761.900024,762.48999,756.890015,757.309998,757.309998,2343200
2016/8/22,757.5,759.849976,752.099976,759.47998,759.47998,1679300
2016/8/23,763.309998,764.700012,761,762.450012,762.450012,1524100
2016/8/24,763,763.409973,755.359985,757.25,757.25,1744100
2016/8/25,756,760.559998,754.73999,759.219971,759.219971,1623000
2016/8/26,760.049988,770,759.799988,769,769,2776800
2016/8/29,768.719971,774.97998,768.599976,771.289978,771.289978,2185700
2016/8/30,771.049988,771.840027,765.559998,767.580017,767.580017,1709200
2016/8/31,766.599976,769.640015,764,769.159973,769.159973,1633800
2016/9/1,770.900024,772.039978,766.75,770.619995,770.619995,1792300
2016/9/2,774.109985,776,771.700012,772.440002,772.440002,2181800
2016/9/6,774.039978,789.47998,770.219971,788.869995,788.869995,3719800
2016/9/7,789.530029,790.789978,784.330017,784.47998,784.47998,2424600
2016/9/8,783.890015,786.5,781.440002,784.059998,784.059998,2026400
2016/9/9,779.359985,781,760.109985,760.140015,760.140015,4257300
2016/9/12,757.349976,772.659973,756,771.48999,771.48999,3124700
2016/9/13,768.77002,769.890015,759.049988,761.01001,761.01001,3117200
2016/9/14,762.200012,767.5,758.849976,761.090027,761.090027,2523000
2016/9/15,762,770.869995,757.580017,769.690002,769.690002,3034000
2016/9/16,773.280029,780.460022,771.659973,778.52002,778.52002,5499200
2016/9/19,779.969971,781.940002,771,775.099976,775.099976,2292500
2016/9/20,776,781.369995,776,780.219971,780.219971,1937200
2016/9/21,783.25,790.690002,779.01001,789.73999,789.73999,2718600
2016/9/22,794.27002,805.890015,794.27002,804.700012,804.700012,4078900
2016/9/23,803.130005,807.75,802.119995,805.75,805.75,2353500
2016/9/26,801.799988,805.929993,797.150024,799.159973,799.159973,2651400
2016/9/27,801.849976,816.640015,801.109985,816.109985,816.109985,3819600
2016/9/28,818,830.140015,817.030029,828.719971,828.719971,4422100
2016/9/29,828.26001,837.5,824.630005,829.049988,829.049988,4922200
2016/9/30,832.609985,839.950012,832.400024,837.309998,837.309998,4430600
2016/10/3,836,839.859985,831.25,836.73999,836.73999,2769400
2016/10/4,840.909973,842.369995,830.26001,834.030029,834.030029,2950300
2016/10/5,838,845.669983,836.119995,844.359985,844.359985,3469100
2016/10/6,843.700012,847.210022,840.599976,841.659973,841.659973,2684000
2016/10/7,845.789978,845.950012,837.450012,839.429993,839.429993,2426200
2016/10/10,843.25,845.200012,840.27002,841.710022,841.710022,1818000
2016/10/11,841.02002,841.289978,828.349976,831,831,3588200
2016/10/12,834,837.669983,830.099976,834.090027,834.090027,2380400
2016/10/13,829,831.799988,821.210022,829.280029,829.280029,3091400
2016/10/14,835.080017,835.73999,822.960022,822.960022,822.960022,2999800
2016/10/17,821.5,822,811.679993,812.950012,812.950012,3361500
2016/10/18,822.109985,823.26001,815.02002,817.650024,817.650024,2480800
2016/10/19,820.400024,820.669983,815.169983,817.690002,817.690002,2090700
2016/10/20,813.98999,815.710022,803.099976,810.320007,810.320007,3152000
2016/10/21,809.359985,819.419983,809,818.98999,818.98999,2793000
2016/10/24,824.950012,838.299988,822.210022,838.090027,838.090027,4060900
2016/10/25,839.299988,843.090027,833.219971,835.179993,835.179993,3248400
2016/10/26,832.76001,833.440002,820,822.590027,822.590027,3998100
2016/10/27,831.23999,831.719971,815.429993,818.359985,818.359985,7406400
2016/10/28,782,789.48999,774.609985,776.320007,776.320007,10841100
2016/10/31,781.030029,793.700012,780.109985,789.820007,789.820007,5413300
2016/11/1,799,800.840027,776.710022,785.409973,785.409973,5305400
2016/11/2,783.929993,784.75,763.549988,765.559998,765.559998,5026500
2016/11/3,765.049988,777,764,767.030029,767.030029,3872500
2016/11/4,762.789978,766,753.22998,755.049988,755.049988,5122100
2016/11/7,771.640015,787.72998,770.940002,784.929993,784.929993,5984400
2016/11/8,784.969971,791.73999,779.099976,787.75,787.75,3373300
2016/11/9,764,777.5,760.090027,771.880005,771.880005,8562900
2016/11/10,778.809998,778.830017,717.700012,742.380005,742.380005,12747000
2016/11/11,735.72998,743.26001,728.900024,739.01001,739.01001,6622800
2016/11/14,745.51001,746,710.099976,719.070007,719.070007,7283200
2016/11/15,730,746.780029,725.98999,743.23999,743.23999,6755800
2016/11/16,739.880005,749.869995,735.609985,746.48999,746.48999,3601400
2016/11/17,749.320007,757.5,748,756.400024,756.400024,3690100
2016/11/18,761,767.73999,757.640015,760.159973,760.159973,4373400
2016/11/21,766,780.349976,765.109985,780,780,4614600
2016/11/22,788.169983,792.400024,781,785.330017,785.330017,5311300
2016/11/23,781.72998,781.75,773.119995,780.119995,780.119995,3522500
2016/11/25,786.5,786.75,777.900024,780.369995,780.369995,1837100
2016/11/28,776.98999,777,764.23999,766.77002,766.77002,4438800
2016/11/29,768,769.890015,761.320007,762.52002,762.52002,3272300
2016/11/30,762,768.090027,750.25,750.570007,750.570007,4625900
2016/12/1,752.409973,753.369995,738.030029,743.650024,743.650024,4666000
2016/12/2,743.400024,748.48999,736.700012,740.340027,740.340027,3561300
2016/12/5,745,761.48999,742,759.359985,759.359985,4314700
2016/12/6,763.98999,768.23999,757.25,764.719971,764.719971,3794700
2016/12/7,764.549988,770.419983,755.820007,770.419983,770.419983,3684900
2016/12/8,771.869995,773.789978,765.190002,767.330017,767.330017,3189600
2016/12/9,770,770.25,765.340027,768.659973,768.659973,2470900
2016/12/12,766.400024,766.890015,757.200012,760.119995,760.119995,2963900
2016/12/13,764.960022,782.460022,762,774.340027,774.340027,5285300
2016/12/14,778.25,780.859985,762.809998,768.820007,768.820007,5454800
2016/12/15,766.280029,769.099976,760.309998,761,761,3801900
2016/12/16,765,765.130005,754,757.77002,757.77002,4828700
2016/12/19,758.890015,770.5,756.159973,766,766,3113200
2016/12/20,768.650024,774.390015,767.710022,771.219971,771.219971,2703600
2016/12/21,770,771.219971,765.700012,770.599976,770.599976,2044600
2016/12/22,768.119995,771.210022,763.02002,766.340027,766.340027,2543600
2016/12/23,764.549988,766.5,757.98999,760.590027,760.590027,1976900
2016/12/27,763.400024,774.650024,761.200012,771.400024,771.400024,2638700
2016/12/28,776.25,780,770.5,772.130005,772.130005,3301000
2016/12/29,772.400024,773.400024,760.849976,765.150024,765.150024,3153500
2016/12/30,766.469971,767.400024,748.280029,749.869995,749.869995,4139400
2017/1/3,757.919983,758.76001,747.700012,753.669983,753.669983,3521100
2017/1/4,758.390015,759.679993,754.200012,757.179993,757.179993,2510500
2017/1/5,761.549988,782.400024,760.26001,780.450012,780.450012,5830100
2017/1/6,782.359985,799.440002,778.47998,795.98999,795.98999,5986200
2017/1/9,798,801.77002,791.77002,796.919983,796.919983,3440100
2017/1/10,796.599976,798,789.539978,795.900024,795.900024,2558400
2017/1/11,793.659973,799.5,789.51001,799.02002,799.02002,2992800
2017/1/12,800.309998,814.130005,799.5,813.640015,813.640015,4873900
2017/1/13,814.320007,821.650024,811.400024,817.140015,817.140015,3791900
2017/1/17,815.700012,816,803.440002,809.719971,809.719971,3659400
2017/1/18,809.5,811.72998,804.27002,807.47998,807.47998,2354200
2017/1/19,810,813.51001,807.320007,809.039978,809.039978,2540800
2017/1/20,815.280029,816.02002,806.26001,808.330017,808.330017,3376200
2017/1/23,806.799988,818.5,805.080017,817.880005,817.880005,2797500
2017/1/24,822,823.98999,814.5,822.440002,822.440002,2971700
2017/1/25,825.789978,837.419983,825.289978,836.52002,836.52002,3922600
2017/1/26,835.530029,843.840027,833,839.150024,839.150024,3586300
2017/1/27,839,839.700012,829.440002,835.77002,835.77002,2998700
2017/1/30,833,833.5,816.380005,830.380005,830.380005,3747300
2017/1/31,823.75,826.98999,819.559998,823.47998,823.47998,3137200
2017/2/1,829.210022,833.780029,824.940002,832.349976,832.349976,3850200
2017/2/2,836.590027,842.48999,828.26001,839.950012,839.950012,7350500
2017/2/3,806.719971,818.299988,804,810.200012,810.200012,10868800
2017/2/6,809.799988,810.719971,803,807.640015,807.640015,3897300
2017/2/7,809.309998,816.159973,807.5,812.5,812.5,3466100
2017/2/8,812.690002,821.47998,812.5,819.710022,819.710022,2858000
2017/2/9,821.599976,825,819.710022,821.359985,821.359985,2484900
2017/2/10,823.820007,828,822.849976,827.460022,827.460022,2429600
2017/2/13,831.619995,843,828.549988,836.530029,836.530029,4172600
2017/2/14,837,838.309998,831.450012,836.390015,836.390015,2787900
2017/2/15,834,842.809998,832.820007,842.700012,842.700012,2968900
2017/2/16,841.840027,845,839.380005,844.140015,844.140015,2714700
2017/2/17,842,847.27002,840.72998,845.070007,845.070007,3112300
2017/2/21,848.840027,857.97998,847.25,856.440002,856.440002,3507700
2017/2/22,856.950012,858.429993,852.179993,855.609985,855.609985,2617000
2017/2/23,857.570007,860.859985,848,852.190002,852.190002,3462000
2017/2/24,844.690002,845.809998,837.75,845.23999,845.23999,3688000
2017/2/27,842.380005,852.5,839.669983,848.640015,848.640015,2713600
2017/2/28,851.450012,854.090027,842.049988,845.039978,845.039978,2793700
2017/3/1,853.049988,854.830017,849.01001,853.080017,853.080017,2760100
2017/3/2,853.080017,854.820007,847.280029,848.909973,848.909973,2132100
2017/3/3,847.200012,851.98999,846.27002,849.880005,849.880005,1941100
2017/3/6,845.22998,848.48999,841.119995,846.609985,846.609985,2610400
2017/3/7,845.47998,848.460022,843.75,846.02002,846.02002,2247600
2017/3/8,848,853.070007,846.789978,850.5,850.5,2286500
2017/3/9,851,856.400024,850.309998,853,853,2048200
2017/3/10,857,857.349976,851.719971,852.460022,852.460022,2436400
2017/3/13,851.77002,855.690002,851.710022,854.590027,854.590027,1909700
2017/3/14,853.549988,853.75,847.549988,852.530029,852.530029,2130600
2017/3/15,854.330017,854.450012,847.109985,852.969971,852.969971,2562200
2017/3/16,855.299988,855.5,850.51001,853.419983,853.419983,1842300
2017/3/17,853.48999,853.830017,850.640015,852.309998,852.309998,3384400
2017/3/20,851.51001,857.799988,851.01001,856.969971,856.969971,2282700
2017/3/21,858.840027,862.799988,841.309998,843.200012,843.200012,4382900
2017/3/22,840.429993,849.369995,839.049988,848.059998,848.059998,2658700
2017/3/23,848.200012,850.890015,844.799988,847.380005,847.380005,1953000
2017/3/24,851.679993,851.799988,843.530029,845.609985,845.609985,2138300
2017/3/27,838.070007,850.299988,833.5,846.820007,846.820007,2755800
2017/3/28,851.75,858.460022,850.099976,856,856,3041600
2017/3/29,859.049988,876.440002,859.02002,874.320007,874.320007,4485800
2017/3/30,874.950012,877.059998,871.659973,876.340027,876.340027,2762700
2017/3/31,877,890.349976,876.650024,886.539978,886.539978,3957600
2017/4/3,888,893.48999,885.419983,891.51001,891.51001,3422300
2017/4/4,891.5,908.539978,890.280029,906.830017,906.830017,4984700
2017/4/5,910.820007,923.719971,905.619995,909.280029,909.280029,7508400
2017/4/6,913.799988,917.190002,894.48999,898.280029,898.280029,6344100
2017/4/7,899.650024,900.090027,889.309998,894.880005,894.880005,3710900
2017/4/10,899.630005,908.51001,899,907.039978,907.039978,3184300
2017/4/11,907.039978,911.23999,897.5,902.359985,902.359985,3012700
2017/4/12,903.090027,904.090027,895.25,896.22998,896.22998,2456100
2017/4/13,891.450012,894.969971,884.48999,884.669983,884.669983,3174600
2017/4/17,887.5,902.380005,887.5,901.98999,901.98999,2854700
2017/4/18,900.98999,909.609985,900.780029,903.780029,903.780029,2999200
2017/4/19,907.840027,910.5,897.369995,899.200012,899.200012,2870200
2017/4/20,899.700012,905.320007,896.289978,902.059998,902.059998,2814400
2017/4/21,902.669983,903.650024,896.77002,898.530029,898.530029,2420500
2017/4/24,908.679993,909.98999,903.820007,907.409973,907.409973,3122900
2017/4/25,907.039978,909.47998,903,907.619995,907.619995,3380600
2017/4/26,910.299988,915.75,907.559998,909.289978,909.289978,2608900
2017/4/27,914.390015,921.859985,912.109985,918.380005,918.380005,5305500
2017/4/28,948.830017,949.590027,924.330017,924.98999,924.98999,7335800
2017/5/1,927.799988,954.400024,927.799988,948.22998,948.22998,5466500
2017/5/2,946.650024,950.099976,941.409973,946.940002,946.940002,3848800
2017/5/3,946,946,935.900024,941.030029,941.030029,3582700
2017/5/4,944.75,945,934.219971,937.530029,937.530029,2418400
2017/5/5,940.52002,940.789978,930.299988,934.150024,934.150024,2866400
2017/5/8,940.950012,949.049988,939.210022,949.039978,949.039978,3415700
2017/5/9,952.799988,957.890015,950.200012,952.820007,952.820007,3262100
2017/5/10,953.5,953.75,945,948.950012,948.950012,2096500
2017/5/11,945.109985,950.289978,940.780029,947.619995,947.619995,2194100
2017/5/12,954.5,962.789978,951.530029,961.349976,961.349976,3625900
2017/5/15,958.72998,963.150024,956.059998,957.969971,957.969971,4270600
2017/5/16,961,970.059998,960.909973,966.070007,966.070007,3126100
2017/5/17,954.700012,960.400024,944.119995,944.76001,944.76001,5145600
2017/5/18,944.799988,962.75,944.76001,958.48999,958.48999,3939300
2017/5/19,962.840027,968.919983,959.719971,959.840027,959.840027,3972100
2017/5/22,964,971.380005,962.900024,970.669983,970.669983,2642200
2017/5/23,975.02002,975.200012,966.849976,971.539978,971.539978,2415600
2017/5/24,976,981,970.22998,980.349976,980.349976,2446000
2017/5/25,984.849976,999,982.109985,993.380005,993.380005,4822000
2017/5/26,995,998.650024,989.25,995.780029,995.780029,3469200
2017/5/30,996.51001,1001.200012,995.52002,996.700012,996.700012,3263100
2017/5/31,1000,1000.119995,982.159973,994.619995,994.619995,3913100
2017/6/1,998.590027,998.98999,991.369995,995.950012,995.950012,2454800
2017/6/2,998.98999,1008.47998,995.669983,1006.72998,1006.72998,3752300
2017/6/5,1007.22998,1013.210022,1003.51001,1011.340027,1011.340027,2719900
2017/6/6,1012,1016.5,1001.25,1003,1003,3346400
2017/6/7,1005.950012,1010.25,1002,1010.070007,1010.070007,2823000
2017/6/8,1012.059998,1013.609985,1006.109985,1010.27002,1010.27002,2753300
2017/6/9,1012.5,1012.98999,927,978.309998,978.309998,7647700
2017/6/12,967,975.950012,945,964.909973,964.909973,9447200
2017/6/13,977.98999,984.5,966.099976,980.789978,980.789978,4580000
2017/6/14,988.590027,990.340027,966.710022,976.469971,976.469971,3974900
2017/6/15,958.700012,965.72998,950.859985,964.169983,964.169983,5373900
2017/6/16,996,999.75,982,987.710022,987.710022,11472700
2017/6/19,1017,1017,989.900024,995.169983,995.169983,5043400
2017/6/20,998,1004.880005,992.02002,992.590027,992.590027,4076800
2017/6/21,998.700012,1002.719971,992.650024,1002.22998,1002.22998,2922500
2017/6/22,1002.22998,1006.960022,997.200012,1001.299988,1001.299988,2253400
2017/6/23,1002.539978,1004.619995,998.02002,1003.73999,1003.73999,2879100
2017/6/26,1008.5,1009.799988,992,993.97998,993.97998,3386200
2017/6/27,990.690002,998.799988,976,976.780029,976.780029,3782400
2017/6/28,978.549988,990.679993,969.210022,990.330017,990.330017,3737600
2017/6/29,979,987.559998,965.25,975.929993,975.929993,4303000
2017/6/30,980.119995,983.469971,967.609985,968,968,3390300
2017/7/3,972.789978,974.48999,951,953.659973,953.659973,2909100
2017/7/5,961.530029,975,955.25,971.400024,971.400024,3653000
2017/7/6,964.659973,974.400024,959.02002,965.140015,965.140015,3259600
2017/7/7,969.549988,980.109985,969.140015,978.76001,978.76001,2643400
2017/7/10,985,999.440002,983.5,996.469971,996.469971,3546300
2017/7/11,993,995.98999,983.719971,994.130005,994.130005,2982700
2017/7/12,1000.650024,1008.549988,998.099976,1006.51001,1006.51001,3608600
2017/7/13,1004.619995,1006.880005,995.900024,1000.630005,1000.630005,2880800
2017/7/14,1002.400024,1004.450012,996.890015,1001.809998,1001.809998,2102500
2017/7/17,1004.690002,1014.75,1003.809998,1010.039978,1010.039978,3712600
2017/7/18,1006,1026.030029,1004,1024.449951,1024.449951,4007600
2017/7/19,1025,1031.589966,1022.5,1026.869995,1026.869995,2964000
2017/7/20,1031.589966,1034.969971,1022.52002,1028.699951,1028.699951,3097500
2017/7/21,1021.280029,1026.099976,1011,1025.670044,1025.670044,2734600
2017/7/24,1028.339966,1043.01001,1027.430054,1038.949951,1038.949951,3288000
2017/7/25,1038.050049,1043.329956,1032.47998,1039.869995,1039.869995,2447600
2017/7/26,1043.199951,1053.199951,1043.199951,1052.800049,1052.800049,2921300
2017/7/27,1069.550049,1083.310059,1040.180054,1046,1046,10991700
2017/7/28,1012.140015,1032.849976,1001,1020.039978,1020.039978,7709400
2017/7/31,1019.049988,1019.049988,987.02002,987.780029,987.780029,7352100
2017/8/1,996.109985,1006.400024,991.580017,996.190002,996.190002,4572600
2017/8/2,1001.77002,1003.210022,981.72998,995.890015,995.890015,4070000
2017/8/3,999.469971,999.5,984.590027,986.919983,986.919983,3255800
2017/8/4,989.679993,991.669983,982,987.580017,987.580017,2730300
2017/8/7,990.650024,995,987.140015,992.27002,992.27002,2676600
2017/8/8,994.349976,996.280029,985.789978,989.840027,989.840027,2902800
2017/8/9,982.599976,988,975.27002,982.01001,982.01001,3569700
2017/8/10,976.299988,979.859985,954.679993,956.919983,956.919983,5684100
2017/8/11,960,970.390015,951.380005,967.98999,967.98999,3468000
2017/8/14,978.409973,985.5,976.190002,983.299988,983.299988,3042800
2017/8/15,988.900024,991.73999,982,982.73999,982.73999,2549300
2017/8/16,981.650024,986.460022,973.219971,978.179993,978.179993,3132100
2017/8/17,977.840027,977.840027,960.320007,960.570007,960.570007,3512400
2017/8/18,961.400024,965.429993,954.650024,958.469971,958.469971,3284800
2017/8/21,957.570007,961.200012,945.460022,953.289978,953.289978,3164500
2017/8/22,955.52002,967.929993,955.5,966.900024,966.900024,2750000
2017/8/23,959.380005,962,954.200012,958,958,2668300
2017/8/24,957.419983,959,941.140015,952.450012,952.450012,5195700
2017/8/25,956,957.619995,944.099976,945.26001,945.26001,3324800
2017/8/28,946.539978,953,942.25,946.02002,946.02002,2596700
2017/8/29,940,956,936.330017,954.059998,954.059998,2874300
2017/8/30,958.440002,969.409973,956.909973,967.590027,967.590027,2904600
2017/8/31,974.700012,981,972.76001,980.599976,980.599976,3331500
2017/9/1,984.200012,984.5,976.880005,978.25,978.25,2535900
2017/9/5,975.400024,976.77002,960.369995,965.27002,965.27002,2883200
2017/9/6,968.320007,971.840027,960.599976,967.799988,967.799988,2129900
2017/9/7,974,980.590027,972.549988,979.469971,979.469971,2566800
2017/9/8,979.099976,979.880005,963.469971,965.900024,965.900024,2605300
2017/9/11,974.460022,981.940002,974.219971,977.960022,977.960022,2186700
2017/9/12,983.27002,984.669983,975.52002,982.580017,982.580017,2481100
2017/9/13,983.969971,1000,979.419983,999.599976,999.599976,3374700
2017/9/14,996.799988,998.559998,987.73999,992.210022,992.210022,3913300
2017/9/15,993.01001,996.25,984.030029,986.789978,986.789978,3760200
2017/9/18,990.400024,992.789978,968.169983,974.190002,974.190002,3411300
2017/9/19,977.25,978.23999,967.460022,969.859985,969.859985,2671100
2017/9/20,971.789978,974.809998,962.159973,973.210022,973.210022,2888800
2017/9/21,971.309998,971.700012,962.02002,964.650024,964.650024,2337600
2017/9/22,961.01001,965.609985,954.419983,955.099976,955.099976,2641800
2017/9/25,949.309998,949.419983,932.890015,939.789978,939.789978,5124000
2017/9/26,945.48999,948.630005,931.75,938.599976,938.599976,3564800
2017/9/27,948,955.299988,943.299988,950.869995,950.869995,3148900
2017/9/28,951.859985,959.700012,950.099976,956.400024,956.400024,2522600
2017/9/29,960.109985,964.830017,958.380005,961.349976,961.349976,2543800
2017/10/2,964,967.309998,952.119995,959.190002,959.190002,2442900
2017/10/3,958,963.690002,950.369995,957.099976,957.099976,2666600
2017/10/4,954.210022,967.789978,954.049988,965.450012,965.450012,2527400
2017/10/5,970,981.51001,969.640015,980.849976,980.849976,3229200
2017/10/6,975.640015,995.75,975.640015,989.580017,989.580017,3782100
2017/10/9,993.23999,998.5,987.5,990.98999,990.98999,2938600
2017/10/10,996.669983,997.950012,980.099976,987.200012,987.200012,3084900
2017/10/11,991.27002,995.5,986.700012,995,995,2337100
2017/10/12,996.809998,1008.440002,992.400024,1000.929993,1000.929993,4067300
2017/10/13,1007,1007.77002,1001.030029,1002.940002,1002.940002,2431500
2017/10/16,1008.440002,1009.570007,1001.039978,1006.340027,1006.340027,2008900
2017/10/17,1005.590027,1011.469971,1004.380005,1009.130005,1009.130005,2319700
2017/10/18,1009.27002,1022.309998,996.549988,997,997,2499700
2017/10/19,990,991.049988,980.23999,986.609985,986.609985,3108200
2017/10/20,993.530029,994.619995,982,982.909973,982.909973,2365100
2017/10/23,986.72998,986.780029,962.5,966.299988,966.299988,3494100
2017/10/24,969,979.849976,965,975.900024,975.900024,2723900
2017/10/25,978,984.440002,966.23999,972.909973,972.909973,3033100
2017/10/26,980.330017,982.900024,968.549988,972.429993,972.429993,5618700
2017/10/27,1058.140015,1105.579956,1050.550049,1100.949951,1100.949951,16565000
2017/10/30,1095.01001,1122.790039,1093.560059,1110.849976,1110.849976,6613100
2017/10/31,1109,1110.540039,1101.119995,1105.280029,1105.280029,3477000
2017/11/1,1105.400024,1108.969971,1096.73999,1103.680054,1103.680054,3755500
2017/11/2,1097.810059,1101.939941,1086.869995,1094.219971,1094.219971,3684900
2017/11/3,1091.150024,1112.680054,1088.52002,1111.599976,1111.599976,3751500
2017/11/6,1109.150024,1125.410034,1108.77002,1120.660034,1120.660034,3381100
2017/11/7,1124.73999,1130.599976,1117.5,1123.170044,1123.170044,2689000
2017/11/8,1122.819946,1135.540039,1119.109985,1132.880005,1132.880005,2581500
2017/11/9,1125.959961,1129.619995,1115.77002,1129.130005,1129.130005,3732700
2017/11/10,1126.099976,1131.75,1124.060059,1125.349976,1125.349976,2179900
2017/11/13,1123,1139.900024,1122.339966,1129.170044,1129.170044,2918400
2017/11/14,1130.109985,1138,1123.890015,1136.839966,1136.839966,3138400
2017/11/15,1127.01001,1131.75,1121.630005,1126.689941,1126.689941,3928700
2017/11/16,1130.160034,1138.160034,1130.050049,1137.290039,1137.290039,2213300
2017/11/17,1138.280029,1138.800049,1125.810059,1129.880005,1129.880005,2413400
2017/11/20,1129.77002,1133.420044,1122.550049,1126.310059,1126.310059,2163900
2017/11/21,1132.859985,1140,1128.199951,1139.48999,1139.48999,2479400
2017/11/22,1141,1160.27002,1141,1156.160034,1156.160034,3555300
2017/11/24,1160.699951,1186.839966,1160.699951,1186,1186,3528000
2017/11/27,1202.660034,1213.410034,1191.150024,1195.829956,1195.829956,6744000
2017/11/28,1204.880005,1205.339966,1188.52002,1193.599976,1193.599976,4559400
2017/11/29,1194.800049,1194.800049,1145.189941,1161.27002,1161.27002,9257500
2017/11/30,1167.099976,1178.569946,1160,1176.75,1176.75,4509200
2017/12/1,1172.050049,1179.650024,1152,1162.349976,1162.349976,4107100
2017/12/4,1173.849976,1175.199951,1128,1133.949951,1133.949951,5931900
2017/12/5,1128.26001,1159.27002,1124.73999,1141.569946,1141.569946,4079800
2017/12/6,1137.98999,1155.890015,1136.079956,1152.349976,1152.349976,2853300
2017/12/7,1156.589966,1163.189941,1151,1159.790039,1159.790039,2511600
2017/12/8,1170.400024,1172.790039,1157.099976,1162,1162,3050100
2017/12/11,1164.599976,1169.900024,1157,1168.920044,1168.920044,2363500
2017/12/12,1166.51001,1173.599976,1161.609985,1165.079956,1165.079956,2235900
2017/12/13,1170,1170.869995,1160.27002,1164.130005,1164.130005,2616800
2017/12/14,1163.709961,1177.930054,1162.449951,1174.26001,1174.26001,3214300
2017/12/15,1179.030029,1182.75,1169.329956,1179.140015,1179.140015,4778600
2017/12/18,1187.369995,1194.780029,1180.910034,1190.579956,1190.579956,2947600
2017/12/19,1189.150024,1192.969971,1179.140015,1187.380005,1187.380005,2587800
2017/12/20,1190.5,1191,1176,1177.619995,1177.619995,2371200
2017/12/21,1175.900024,1179.170044,1167.640015,1174.76001,1174.76001,2123100
2017/12/22,1172.079956,1174.619995,1167.829956,1168.359985,1168.359985,1585100
2017/12/26,1168.359985,1178.319946,1160.550049,1176.76001,1176.76001,2005200
2017/12/27,1179.910034,1187.290039,1175.609985,1182.26001,1182.26001,1867200
2017/12/28,1189,1190.099976,1184.380005,1186.099976,1186.099976,1841700
2017/12/29,1182.349976,1184,1167.5,1169.469971,1169.469971,2688400
2018/1/2,1172,1190,1170.51001,1189.01001,1189.01001,2694500
2018/1/3,1188.300049,1205.48999,1188.300049,1204.199951,1204.199951,3108800
2018/1/4,1205,1215.869995,1204.660034,1209.589966,1209.589966,3022100
2018/1/5,1217.51001,1229.140015,1210,1229.140015,1229.140015,3544700
2018/1/8,1236,1253.079956,1232.030029,1246.869995,1246.869995,4279500
2018/1/9,1256.900024,1259.329956,1241.76001,1252.699951,1252.699951,3661300
2018/1/10,1245.150024,1254.329956,1237.22998,1254.329956,1254.329956,2686000
2018/1/11,1259.73999,1276.77002,1256.459961,1276.680054,1276.680054,3125000
2018/1/12,1273.390015,1305.76001,1273.390015,1305.199951,1305.199951,5443700
2018/1/16,1323,1339.939941,1292.300049,1304.859985,1304.859985,7220700
2018/1/17,1312.23999,1314,1280.880005,1295,1295,5221400
2018/1/18,1293.949951,1304.599976,1284.02002,1293.319946,1293.319946,4026900
2018/1/19,1312,1313,1292.98999,1294.579956,1294.579956,4578500
2018/1/22,1297.170044,1327.449951,1296.660034,1327.310059,1327.310059,4140100
2018/1/23,1338.089966,1364.900024,1337.339966,1362.540039,1362.540039,5169300
2018/1/24,1374.819946,1388.160034,1338,1357.51001,1357.51001,6807500
2018/1/25,1368,1378.339966,1357.619995,1377.949951,1377.949951,4753000
2018/1/26,1392.01001,1402.530029,1380.910034,1402.050049,1402.050049,4857300
2018/1/29,1409.180054,1431.390015,1400.439941,1417.680054,1417.680054,5701900
2018/1/30,1403.170044,1439.25,1392,1437.819946,1437.819946,5871900
2018/1/31,1451.300049,1472.579956,1450.040039,1450.890015,1450.890015,6424700
2018/2/1,1445,1459.880005,1385.140015,1390,1390,9113800
2018/2/2,1477.390015,1498,1414,1429.949951,1429.949951,11125700
2018/2/5,1402.619995,1458.97998,1320.719971,1390,1390,11495000
2018/2/6,1361.459961,1443.98999,1351.790039,1442.839966,1442.839966,11066800
2018/2/7,1449,1460.98999,1415.150024,1416.780029,1416.780029,7162700
2018/2/8,1429.680054,1433.75,1349.939941,1350.5,1350.5,8578600
2018/2/9,1373.48999,1383.5,1265.930054,1339.599976,1339.599976,14141500
2018/2/12,1364.670044,1393.810059,1344.01001,1386.22998,1386.22998,6738900
2018/2/13,1385.930054,1419.719971,1383.530029,1414.51001,1414.51001,5917900
2018/2/14,1406.25,1452.060059,1403.359985,1451.050049,1451.050049,5959200
2018/2/15,1466.890015,1468.939941,1436.839966,1461.76001,1461.76001,5652700
2018/2/16,1457.369995,1465.800049,1446.560059,1448.689941,1448.689941,4472600
2018/2/20,1446.48999,1488.77002,1446.48999,1468.349976,1468.349976,6499200
2018/2/21,1485,1503.48999,1478.920044,1482.920044,1482.920044,6304400
2018/2/22,1495.359985,1502.540039,1475.76001,1485.339966,1485.339966,4858100
2018/2/23,1495.339966,1500,1486.5,1500,1500,4418100
2018/2/26,1509.199951,1522.839966,1507,1521.949951,1521.949951,4955000
2018/2/27,1524.5,1526.780029,1507.209961,1511.97998,1511.97998,4808800
2018/2/28,1519.51001,1528.699951,1512,1512.449951,1512.449951,4515000
2018/3/1,1513.599976,1518.48999,1465,1493.449951,1493.449951,6835200
2018/3/2,1469.099976,1501.050049,1455.01001,1500.25,1500.25,6587600
2018/3/5,1494.23999,1525.380005,1481,1523.609985,1523.609985,5233900
2018/3/6,1533.199951,1542.130005,1528,1537.640015,1537.640015,4561700
2018/3/7,1526.52002,1545.900024,1522.51001,1545,1545,4174100
2018/3/8,1550,1554.880005,1545.25,1551.859985,1551.859985,3862600
2018/3/9,1563.5,1578.939941,1559.079956,1578.890015,1578.890015,4534300
2018/3/12,1592.599976,1605.329956,1586.699951,1598.390015,1598.390015,5174200
2018/3/13,1615.959961,1617.540039,1578.01001,1588.180054,1588.180054,6531900
2018/3/14,1597,1606.439941,1590.890015,1591,1591,4259400
2018/3/15,1595,1596.910034,1578.109985,1582.319946,1582.319946,4069700
2018/3/16,1583.449951,1589.439941,1567.5,1571.680054,1571.680054,5425000
2018/3/19,1554.530029,1561.660034,1525.349976,1544.930054,1544.930054,6580800
2018/3/20,1550.339966,1587,1545.410034,1586.51001,1586.51001,4581600
2018/3/21,1586.449951,1590,1563.170044,1581.859985,1581.859985,4750800
2018/3/22,1565.469971,1573.849976,1542.400024,1544.920044,1544.920044,6320600
2018/3/23,1539.01001,1549.02002,1495.359985,1495.560059,1495.560059,8006000
2018/3/26,1530,1556.98999,1499.25,1555.859985,1555.859985,5624700
2018/3/27,1572.400024,1575.969971,1482.319946,1497.050049,1497.050049,6999600
2018/3/28,1447,1455.900024,1386.170044,1431.420044,1431.420044,13705300
2018/3/29,1406,1455.469971,1365.199951,1447.339966,1447.339966,12581100
2018/4/2,1417.619995,1421.359985,1355,1371.98999,1371.98999,10463600
2018/4/3,1391.380005,1414,1355.329956,1392.050049,1392.050049,10231200
2018/4/4,1358.23999,1415.390015,1352.880005,1410.569946,1410.569946,6982300
2018/4/5,1441.98999,1459.560059,1427.069946,1451.75,1451.75,6413500
2018/4/6,1429.969971,1452.5,1400.26001,1405.22998,1405.22998,5882300
2018/4/9,1425.030029,1438.47998,1402.569946,1406.079956,1406.079956,4208200
2018/4/10,1431.98999,1438.380005,1415.699951,1436.219971,1436.219971,4254100
2018/4/11,1439.439941,1448.780029,1424.890015,1427.050049,1427.050049,3582500
2018/4/12,1439.5,1452.119995,1435.060059,1448.5,1448.5,3135000
2018/4/13,1449.140015,1459.780029,1424.52002,1430.790039,1430.790039,3685300
2018/4/16,1445,1447,1427.47998,1441.5,1441.5,2808600
2018/4/17,1462.300049,1507.189941,1457.02002,1503.829956,1503.829956,5114400
2018/4/18,1514.650024,1533.800049,1504.109985,1527.839966,1527.839966,5227500
2018/4/19,1543.219971,1568.52002,1539.060059,1556.910034,1556.910034,6523700
2018/4/20,1561.199951,1561.199951,1516.089966,1527.48999,1527.48999,5541600
2018/4/23,1546.689941,1548,1503.410034,1517.859985,1517.859985,4465400
2018/4/24,1535.800049,1539.5,1448.449951,1460.089966,1460.089966,7494700
2018/4/25,1458,1469.98999,1415.02002,1460.170044,1460.170044,6587300
2018/4/26,1485.01001,1529.420044,1478.5,1517.959961,1517.959961,8801100
2018/4/27,1634.01001,1638.099976,1567.390015,1572.619995,1572.619995,13053200
2018/4/30,1582.5,1596,1560.939941,1566.130005,1566.130005,5464100
2018/5/1,1563.219971,1585,1552.180054,1582.26001,1582.26001,4572100
2018/5/2,1580.97998,1588.5,1566.359985,1569.680054,1569.680054,4360300
2018/5/3,1560.01001,1574.800049,1546.02002,1572.079956,1572.079956,4251900
2018/5/4,1562.449951,1584.900024,1562.189941,1580.949951,1580.949951,3443600
2018/5/7,1589.339966,1606.949951,1587.829956,1600.140015,1600.140015,3801900
2018/5/8,1595,1596.880005,1582.51001,1592.390015,1592.390015,3067900
2018/5/9,1600,1608,1592,1608,1608,3637300
2018/5/10,1608.47998,1615.599976,1603.439941,1609.079956,1609.079956,2817500
2018/5/11,1610.98999,1611.099976,1597.890015,1602.910034,1602.910034,2263900
2018/5/14,1604,1611.180054,1600.050049,1601.540039,1601.540039,2509500
2018/5/15,1587.800049,1587.800049,1565.219971,1576.119995,1576.119995,5077500
2018/5/16,1577.5,1594.430054,1576.670044,1587.280029,1587.280029,2570600
2018/5/17,1580.560059,1594.040039,1573,1581.76001,1581.76001,2147600
2018/5/18,1581.329956,1583.589966,1572.099976,1574.369995,1574.369995,2642600
2018/5/21,1585,1592.050049,1575,1585.459961,1585.459961,2925200
2018/5/22,1589.890015,1589.890015,1575.25,1581.400024,1581.400024,2115600
2018/5/23,1571.050049,1601.859985,1566.339966,1601.859985,1601.859985,3299800
2018/5/24,1598.030029,1608.23999,1588.380005,1603.069946,1603.069946,3375800
2018/5/25,1603,1614.119995,1600.449951,1610.150024,1610.150024,2698400
2018/5/29,1600.709961,1621.790039,1600.150024,1612.869995,1612.869995,3829900
2018/5/30,1618.099976,1626,1612.930054,1624.890015,1624.890015,2907400
2018/5/31,1623,1635,1621.349976,1629.619995,1629.619995,3166300
2018/6/1,1637.030029,1646.72998,1635.089966,1641.540039,1641.540039,3290100
2018/6/4,1648.900024,1665.680054,1645.48999,1665.27002,1665.27002,3167900
2018/6/5,1672.98999,1699,1670.060059,1696.349976,1696.349976,4782200
2018/6/6,1704.51001,1714.5,1686.469971,1695.75,1695.75,5473200
2018/6/7,1698.560059,1699.900024,1676.109985,1689.300049,1689.300049,3765700
2018/6/8,1681.119995,1689.439941,1673.01001,1683.98999,1683.98999,2955100
2018/6/11,1681.51001,1694.23999,1680.589966,1689.119995,1689.119995,2335500
2018/6/12,1693,1699.51001,1691.52002,1698.75,1698.75,2259200
2018/6/13,1702.810059,1713.75,1700.119995,1704.859985,1704.859985,3327500
2018/6/14,1713.47998,1724.800049,1708.869995,1723.859985,1723.859985,3174400
2018/6/15,1714,1720.869995,1708.52002,1715.969971,1715.969971,4777600
2018/6/18,1706.26001,1726.73999,1702.560059,1723.790039,1723.790039,3107700
2018/6/19,1709.040039,1736.109985,1700.390015,1734.780029,1734.780029,4290100
2018/6/20,1742.5,1762.930054,1741.359985,1750.079956,1750.079956,4332600
2018/6/21,1760,1763.099976,1717.560059,1730.219971,1730.219971,4941100
2018/6/22,1742.619995,1743,1711.900024,1715.670044,1715.670044,4075100
2018/6/25,1702.51001,1705,1646.310059,1663.150024,1663.150024,7511200
2018/6/26,1672.369995,1701.569946,1663.339966,1691.089966,1691.089966,4386600
2018/6/27,1708.109985,1711.949951,1660,1660.51001,1660.51001,4872200
2018/6/28,1672.540039,1705.5,1661.170044,1701.449951,1701.449951,4529700
2018/6/29,1717,1723.410034,1694.319946,1699.800049,1699.800049,4543500
2018/7/2,1682.699951,1713.890015,1678.060059,1713.780029,1713.780029,3185700
2018/7/3,1723.959961,1725,1692.47998,1693.959961,1693.959961,2177300
2018/7/5,1705.380005,1710.689941,1682.150024,1699.72998,1699.72998,2983100
2018/7/6,1696,1715.27002,1691.670044,1710.630005,1710.630005,2650300
2018/7/9,1724.050049,1739.560059,1716.22998,1739.02002,1739.02002,3012000
2018/7/10,1738.530029,1750,1731,1743.069946,1743.069946,3002900
2018/7/11,1737.98999,1756.959961,1734,1755,1755,3209800
2018/7/12,1764.51001,1798,1762.180054,1796.619995,1796.619995,4532700
2018/7/13,1803.930054,1815.300049,1795.22998,1813.030029,1813.030029,4383200
2018/7/16,1821.949951,1841.949951,1814.449951,1822.48999,1822.48999,5466200
2018/7/17,1811.560059,1851.689941,1797.380005,1843.930054,1843.930054,5682900
2018/7/18,1848,1858.880005,1831.27002,1842.920044,1842.920044,4861900
2018/7/19,1829.459961,1841,1811.27002,1812.969971,1812.969971,4676900
2018/7/20,1825.01001,1834.839966,1810.060059,1813.699951,1813.699951,3884400
2018/7/23,1812.209961,1819,1769.98999,1802,1802,3888500
2018/7/24,1829.01001,1840,1809.380005,1829.23999,1829.23999,4278700
2018/7/25,1829.300049,1863.839966,1822.640015,1863.609985,1863.609985,3738200
2018/7/26,1839,1844.680054,1804.5,1808,1808,9924400
2018/7/27,1876.050049,1880.050049,1806.530029,1817.27002,1817.27002,9681000
2018/7/30,1827.329956,1829.5,1766.02002,1779.219971,1779.219971,6562300
2018/7/31,1786.48999,1801.829956,1739.319946,1777.439941,1777.439941,5738700
2018/8/1,1784,1798.439941,1776.02002,1797.170044,1797.170044,4153100
2018/8/2,1788.77002,1836.560059,1786,1834.329956,1834.329956,4354700
2018/8/3,1837.73999,1841,1821.5,1823.290039,1823.290039,3460500
2018/8/6,1825.810059,1847.77002,1818.920044,1847.75,1847.75,3391800
2018/8/7,1854.530029,1869.719971,1846.27002,1862.47998,1862.47998,3377500
2018/8/8,1861,1891.51001,1854.5,1886.52002,1886.52002,3963000
2018/8/9,1882,1914.569946,1877.47998,1898.52002,1898.52002,4849900
2018/8/10,1888.51001,1899.5,1878.209961,1886.300049,1886.300049,3639900
2018/8/13,1898.5,1925,1893.670044,1896.199951,1896.199951,5512600
2018/8/14,1919.390015,1921.01001,1900,1919.650024,1919.650024,3986100
2018/8/15,1909.550049,1916.209961,1869.790039,1882.619995,1882.619995,7700700
2018/8/16,1903.939941,1905,1883.550049,1886.52002,1886.52002,3957100
2018/8/17,1885.800049,1888,1855.550049,1882.219971,1882.219971,4104300
2018/8/20,1890.569946,1891.75,1866.060059,1876.709961,1876.709961,2862000
2018/8/21,1880,1897.75,1874.410034,1883.420044,1883.420044,3105600
2018/8/22,1876.640015,1905.800049,1876.640015,1904.900024,1904.900024,3080500
2018/8/23,1907.170044,1919.5,1900.76001,1902.900024,1902.900024,3563000
2018/8/24,1910.51001,1916.01001,1902.540039,1905.390015,1905.390015,2800900
2018/8/27,1915,1927.699951,1909.280029,1927.680054,1927.680054,3569000
2018/8/28,1937.72998,1941.780029,1928.819946,1932.819946,1932.819946,3100700
2018/8/29,1953.449951,1998.689941,1948.939941,1998.099976,1998.099976,6531800
2018/8/30,1997.420044,2025.569946,1986.900024,2002.380005,2002.380005,7277300
2018/8/31,2007,2022.380005,2004.73999,2012.709961,2012.709961,4204400
2018/9/4,2026.5,2050.5,2013,2039.51001,2039.51001,5721100
2018/9/5,2038.109985,2040.380005,1989.890015,1994.819946,1994.819946,8220600
2018/9/6,2006.51001,2007.5,1935.209961,1958.310059,1958.310059,7488700
2018/9/7,1938.709961,1975.199951,1937.349976,1952.069946,1952.069946,4892600
2018/9/10,1971,1973.040039,1931.52002,1939.01001,1939.01001,4544800
2018/9/11,1928.27002,1988.880005,1917,1987.150024,1987.150024,5033600
2018/9/12,1994,2000,1962.439941,1990,1990,4414000
2018/9/13,2000,2008.76001,1982.030029,1989.869995,1989.869995,3621500
2018/9/14,1992.930054,1993.650024,1959.219971,1970.189941,1970.189941,3642000
2018/9/17,1954.72998,1956.819946,1887.410034,1908.030029,1908.030029,7050200
2018/9/18,1918.650024,1958.199951,1915.439941,1941.050049,1941.050049,4268700
2018/9/19,1940.5,1940.829956,1904.900024,1926.420044,1926.420044,4056800
2018/9/20,1938.579956,1955,1932.25,1944.300049,1944.300049,3154900
2018/9/21,1954.219971,1957.310059,1910.5,1915.01001,1915.01001,6855900
2018/9/24,1903.790039,1936.880005,1865,1934.359985,1934.359985,4213700
2018/9/25,1942.900024,1975.910034,1938.849976,1974.550049,1974.550049,4538400
2018/9/26,1968.5,1995.25,1961.52002,1974.849976,1974.849976,4313500
2018/9/27,1993.23999,2016.160034,1988.579956,2012.97998,2012.97998,4329400
2018/9/28,2004.410034,2026.52002,1996.459961,2003,2003,4085100
2018/10/1,2021.98999,2033.189941,2003.599976,2004.359985,2004.359985,3460500
2018/10/2,1999.98999,2013.390015,1965.77002,1971.310059,1971.310059,5400700
2018/10/3,1981.699951,1989.699951,1949.810059,1952.76001,1952.76001,5253100
2018/10/4,1949,1956,1896.569946,1909.420044,1909.420044,7257000
2018/10/5,1917.98999,1929.079956,1862.829956,1889.650024,1889.650024,6822300
2018/10/8,1874,1902,1830.660034,1864.420044,1864.420044,7393200
2018/10/9,1859.98999,1896.680054,1852.319946,1870.319946,1870.319946,4772900
2018/10/10,1857.890015,1858.560059,1754.410034,1755.25,1755.25,10988900
2018/10/11,1724,1755.400024,1685.099976,1719.359985,1719.359985,13935900
2018/10/12,1808,1808.949951,1742.530029,1788.609985,1788.609985,9444600
2018/10/15,1795,1795.050049,1734.22998,1760.949951,1760.949951,6437200
2018/10/16,1783.5,1823.880005,1761.550049,1819.959961,1819.959961,5859900
2018/10/17,1842.790039,1845,1807,1831.72998,1831.72998,5295200
2018/10/18,1821.48999,1830.150024,1767.869995,1770.719971,1770.719971,5874000
2018/10/19,1785.160034,1809.099976,1753,1764.030029,1764.030029,5907200
2018/10/22,1784,1809.5,1756,1789.300049,1789.300049,4500000
2018/10/23,1742.23999,1776.339966,1714,1768.699951,1768.699951,6723900
2018/10/24,1773.699951,1777.709961,1656.560059,1664.199951,1664.199951,6928400
2018/10/25,1703.339966,1794.810059,1692.01001,1782.170044,1782.170044,10285700
2018/10/26,1649.589966,1698.459961,1603,1642.810059,1642.810059,14963800
2018/10/29,1660,1665.73999,1495,1538.880005,1538.880005,13866100
2018/10/30,1486.160034,1540.98999,1476.359985,1530.420044,1530.420044,12460100
2018/10/31,1569.98999,1623.910034,1565.089966,1598.01001,1598.01001,9390200
2018/11/1,1623.530029,1670.449951,1598.439941,1665.530029,1665.530029,8135500
2018/11/2,1678.589966,1697.439941,1651.829956,1665.530029,1665.530029,6955500
2018/11/5,1657.569946,1658.089966,1596.359985,1627.800049,1627.800049,5624700
2018/11/6,1618.349976,1665,1614.550049,1642.810059,1642.810059,4257400
2018/11/7,1673,1759.22998,1664.079956,1755.48999,1755.48999,8192200
2018/11/8,1755,1784,1725.109985,1754.910034,1754.910034,6534900
2018/11/9,1732.5,1743.920044,1701.869995,1712.430054,1712.430054,5902200
2018/11/12,1698.23999,1708.550049,1630.01001,1636.849976,1636.849976,6806200
2018/11/13,1649.290039,1677.060059,1613.75,1631.170044,1631.170044,5933300
2018/11/14,1656.319946,1673,1597.069946,1599.01001,1599.01001,6486900
2018/11/15,1581.01001,1624.819946,1546.51001,1619.439941,1619.439941,8427300
2018/11/16,1587.5,1614.47998,1573.119995,1593.410034,1593.410034,6066100
2018/11/19,1577.01001,1581.189941,1503.359985,1512.290039,1512.290039,7790000
2018/11/20,1437.5,1534.75,1420,1495.459961,1495.459961,10878800
2018/11/21,1542.98999,1550,1515,1516.72998,1516.72998,5716800
2018/11/23,1517,1536.199951,1501.810059,1502.060059,1502.060059,2707600
2018/11/26,1539,1584.810059,1524.219971,1581.329956,1581.329956,6257700
2018/11/27,1575.98999,1597.650024,1558.01001,1581.420044,1581.420044,5783200
2018/11/28,1613.920044,1681.449951,1601.219971,1677.75,1677.75,8458700
2018/11/29,1674.98999,1689.98999,1652.329956,1673.569946,1673.569946,6613200
2018/11/30,1679.5,1696,1666.5,1690.170044,1690.170044,5761800
2018/12/3,1769.459961,1778.339966,1730,1772.359985,1772.359985,6862300
2018/12/4,1756,1770.339966,1665,1668.400024,1668.400024,8694500
2018/12/6,1614.869995,1701.050049,1609.849976,1699.189941,1699.189941,8789400
2018/12/7,1705.069946,1718.930054,1625.459961,1629.130005,1629.130005,7576100
2018/12/10,1623.839966,1657.98999,1590.869995,1641.030029,1641.030029,7494800
2018/12/11,1678,1679.469971,1619.599976,1643.23999,1643.23999,6244700
2018/12/12,1669,1704.98999,1660.27002,1663.540039,1663.540039,6598000
2018/12/13,1680,1692.119995,1641.5,1658.380005,1658.380005,5271300
2018/12/14,1638,1642.569946,1585,1591.910034,1591.910034,6367200
2018/12/17,1566,1576.130005,1505.01001,1520.910034,1520.910034,8829800
2018/12/18,1540,1567.550049,1523.01001,1551.47998,1551.47998,6523000
2018/12/19,1543.050049,1584.530029,1483.180054,1495.079956,1495.079956,8792200
2018/12/20,1484,1509.5,1432.689941,1460.829956,1460.829956,9979700
